SEASON_ID,TEAM_ID,TEAM_ABBREVIATION,TEAM_NAME,GAME_ID,GAME_DATE,MATCHUP,WL,MIN,PTS,FGM,FGA,FG_PCT,FG3M,FG3A,FG3_PCT,FTM,FTA,FT_PCT,OREB,DREB,REB,AST,STL,BLK,TOV,PF,PLUS_MINUS
42015,1610612737,ATL,Atlanta Hawks,41500204,5/8/2016,ATL vs. CLE,L,239,99,40,83,0.482,9,31,0.29,10,14,0.714,9,33,42,22,10,7,12,16,-1
42015,1610612737,ATL,Atlanta Hawks,41500203,5/6/2016,ATL vs. CLE,L,239,108,41,84,0.488,16,34,0.471,10,12,0.833,6,22,28,29,8,7,14,21,-13
42015,1610612737,ATL,Atlanta Hawks,41500202,5/4/2016,ATL @ CLE,L,241,98,30,71,0.423,11,27,0.407,27,30,0.9,8,32,40,18,3,3,16,23,-25
42015,1610612737,ATL,Atlanta Hawks,41500201,5/2/2016,ATL @ CLE,L,242,93,33,87,0.379,11,34,0.324,16,21,0.762,15,33,48,21,6,7,12,22,-11
42015,1610612737,ATL,Atlanta Hawks,41500136,4/28/2016,ATL @ BOS,W,241,104,38,74,0.514,8,24,0.333,20,27,0.741,3,39,42,26,6,12,18,23,12
42015,1610612737,ATL,Atlanta Hawks,41500135,4/26/2016,ATL vs. BOS,W,242,110,42,96,0.438,14,35,0.4,12,16,0.75,13,38,51,30,13,3,12,17,27
42015,1610612737,ATL,Atlanta Hawks,41500134,4/24/2016,ATL @ BOS,L,264,95,37,99,0.374,12,42,0.286,9,13,0.692,12,37,49,18,8,6,14,20,-9
42015,1610612737,ATL,Atlanta Hawks,41500133,4/22/2016,ATL @ BOS,L,240,103,38,86,0.442,9,36,0.25,18,21,0.857,7,34,41,19,10,7,13,24,-8
42015,1610612737,ATL,Atlanta Hawks,41500132,4/19/2016,ATL vs. BOS,W,240,89,32,82,0.39,11,29,0.379,14,16,0.875,3,46,49,20,7,15,15,16,17
42015,1610612737,ATL,Atlanta Hawks,41500131,4/16/2016,ATL vs. BOS,W,238,102,35,86,0.407,5,26,0.192,27,35,0.771,13,40,53,23,4,9,11,20,1
22015,1610612737,ATL,Atlanta Hawks,21501221,4/13/2016,ATL @ WAS,L,240,98,32,81,0.395,11,30,0.367,23,31,0.742,9,38,47,22,13,5,22,21,-11
22015,1610612737,ATL,Atlanta Hawks,21501203,4/11/2016,ATL @ CLE,L,240,94,39,87,0.448,8,30,0.267,8,15,0.533,10,32,42,23,8,6,15,18,-15
22015,1610612737,ATL,Atlanta Hawks,21501188,4/9/2016,ATL vs. BOS,W,240,118,46,88,0.523,17,33,0.515,9,11,0.818,5,39,44,31,10,10,17,22,11
22015,1610612737,ATL,Atlanta Hawks,21501173,4/7/2016,ATL vs. TOR,W,239,95,33,76,0.434,12,32,0.375,17,21,0.81,5,36,41,23,4,12,13,19,8
22015,1610612737,ATL,Atlanta Hawks,21501157,4/5/2016,ATL vs. PHX,W,242,103,39,95,0.411,11,34,0.324,14,19,0.737,13,37,50,26,16,3,16,21,13
22015,1610612737,ATL,Atlanta Hawks,21501131,4/1/2016,ATL vs. CLE,L,264,108,38,95,0.4,9,30,0.3,23,26,0.885,5,43,48,25,5,8,15,27,-2
22015,1610612737,ATL,Atlanta Hawks,21501113,3/30/2016,ATL @ TOR,L,240,97,37,83,0.446,14,33,0.424,9,13,0.692,11,33,44,24,3,7,18,19,-8
22015,1610612737,ATL,Atlanta Hawks,21501099,3/28/2016,ATL @ CHI,W,238,102,36,85,0.424,5,22,0.227,25,28,0.893,7,41,48,22,4,13,8,13,2
22015,1610612737,ATL,Atlanta Hawks,21501085,3/26/2016,ATL @ DET,W,240,112,43,95,0.453,13,34,0.382,13,14,0.929,5,34,39,34,6,7,4,21,17
22015,1610612737,ATL,Atlanta Hawks,21501076,3/25/2016,ATL vs. MIL,W,240,101,41,97,0.423,5,32,0.156,14,17,0.824,17,28,45,26,10,6,11,21,11
22015,1610612737,ATL,Atlanta Hawks,21501056,3/23/2016,ATL @ WAS,W,239,122,45,84,0.536,17,42,0.405,15,22,0.682,7,34,41,32,10,5,16,17,21
22015,1610612737,ATL,Atlanta Hawks,21501048,3/21/2016,ATL vs. WAS,L,239,102,38,78,0.487,13,33,0.394,13,17,0.765,2,31,33,23,5,6,14,15,-15
22015,1610612737,ATL,Atlanta Hawks,21501029,3/19/2016,ATL vs. HOU,W,239,109,44,88,0.5,14,38,0.368,7,12,0.583,9,31,40,32,12,6,16,20,12
22015,1610612737,ATL,Atlanta Hawks,21501015,3/17/2016,ATL vs. DEN,W,241,116,40,80,0.5,12,26,0.462,24,28,0.857,7,33,40,32,5,8,12,16,18
22015,1610612737,ATL,Atlanta Hawks,21501007,3/16/2016,ATL @ DET,W,239,118,39,89,0.438,12,34,0.353,28,34,0.824,8,38,46,25,10,3,12,26,4
22015,1610612737,ATL,Atlanta Hawks,21500984,3/13/2016,ATL vs. IND,W,240,104,40,85,0.471,15,30,0.5,9,10,0.9,9,41,50,27,11,6,15,13,29
22015,1610612737,ATL,Atlanta Hawks,21500974,3/12/2016,ATL vs. MEM,W,239,95,36,84,0.429,11,34,0.324,12,17,0.706,8,39,47,27,9,12,11,14,12
22015,1610612737,ATL,Atlanta Hawks,21500959,3/10/2016,ATL @ TOR,L,239,96,35,82,0.427,7,23,0.304,19,27,0.704,6,27,33,17,8,5,11,24,-8
22015,1610612737,ATL,Atlanta Hawks,21500947,3/8/2016,ATL @ UTA,W,240,91,38,80,0.475,8,25,0.32,7,14,0.5,4,37,41,15,9,4,16,19,7
22015,1610612737,ATL,Atlanta Hawks,21500929,3/5/2016,ATL @ LAC,W,241,107,40,89,0.449,10,27,0.37,17,20,0.85,10,43,53,26,9,3,18,26,10
22015,1610612737,ATL,Atlanta Hawks,21500921,3/4/2016,ATL @ LAL,W,239,106,37,68,0.544,13,28,0.464,19,26,0.731,3,36,39,31,6,8,10,18,29
22015,1610612737,ATL,Atlanta Hawks,21500895,3/1/2016,ATL @ GSW,L,264,105,37,80,0.463,12,33,0.364,19,24,0.792,7,35,42,25,9,5,17,17,-4
22015,1610612737,ATL,Atlanta Hawks,21500878,2/28/2016,ATL vs. CHA,W,240,87,38,77,0.494,8,17,0.471,3,5,0.6,6,42,48,29,4,5,15,19,11
22015,1610612737,ATL,Atlanta Hawks,21500865,2/26/2016,ATL vs. CHI,W,240,103,37,89,0.416,7,34,0.206,22,24,0.917,13,35,48,28,14,11,11,21,15
22015,1610612737,ATL,Atlanta Hawks,21500836,2/22/2016,ATL vs. GSW,L,240,92,36,86,0.419,10,34,0.294,10,16,0.625,8,39,47,23,7,7,17,17,-10
22015,1610612737,ATL,Atlanta Hawks,21500819,2/20/2016,ATL vs. MIL,L,289,109,44,106,0.415,9,41,0.22,12,18,0.667,10,39,49,31,11,8,16,27,-8
22015,1610612737,ATL,Atlanta Hawks,21500808,2/19/2016,ATL vs. MIA,L,240,111,41,87,0.471,16,36,0.444,13,13,1,8,34,42,27,7,4,21,23,-4
22015,1610612737,ATL,Atlanta Hawks,21500796,2/10/2016,ATL @ CHI,W,240,113,43,90,0.478,13,33,0.394,14,15,0.933,11,35,46,25,16,7,12,14,23
22015,1610612737,ATL,Atlanta Hawks,21500780,2/8/2016,ATL vs. ORL,L,265,110,43,92,0.467,12,29,0.414,12,20,0.6,8,39,47,31,9,4,14,20,-7
22015,1610612737,ATL,Atlanta Hawks,21500771,2/7/2016,ATL @ ORL,L,240,94,35,91,0.385,13,28,0.464,11,15,0.733,18,32,50,22,7,7,16,13,-2
22015,1610612737,ATL,Atlanta Hawks,21500750,2/5/2016,ATL vs. IND,W,240,102,39,76,0.513,10,27,0.37,14,20,0.7,3,29,32,29,10,5,15,16,6
22015,1610612737,ATL,Atlanta Hawks,21500736,2/3/2016,ATL @ PHI,W,239,124,48,92,0.522,10,20,0.5,18,25,0.72,11,41,52,28,13,7,18,12,38
22015,1610612737,ATL,Atlanta Hawks,21500723,2/1/2016,ATL vs. DAL,W,240,112,42,80,0.525,14,35,0.4,14,19,0.737,5,45,50,29,2,6,15,25,15
22015,1610612737,ATL,Atlanta Hawks,21500715,1/31/2016,ATL @ MIA,L,240,87,27,70,0.386,5,22,0.227,28,32,0.875,2,29,31,13,10,3,17,23,-18
22015,1610612737,ATL,Atlanta Hawks,21500692,1/28/2016,ATL @ IND,L,239,92,33,83,0.398,7,28,0.25,19,21,0.905,5,27,32,20,9,4,14,22,-19
22015,1610612737,ATL,Atlanta Hawks,21500687,1/27/2016,ATL vs. LAC,L,241,83,33,79,0.418,10,23,0.435,7,14,0.5,8,41,49,21,6,3,22,17,-2
22015,1610612737,ATL,Atlanta Hawks,21500672,1/25/2016,ATL @ DEN,W,241,119,43,86,0.5,9,27,0.333,24,26,0.923,10,32,42,28,11,3,14,24,14
22015,1610612737,ATL,Atlanta Hawks,21500660,1/23/2016,ATL @ PHX,L,240,95,34,84,0.405,12,34,0.353,15,18,0.833,11,32,43,23,8,7,16,17,-3
22015,1610612737,ATL,Atlanta Hawks,21500643,1/21/2016,ATL @ SAC,L,240,88,35,84,0.417,8,33,0.242,10,15,0.667,7,35,42,21,15,9,19,19,-3
22015,1610612737,ATL,Atlanta Hawks,21500639,1/20/2016,ATL @ POR,W,240,104,39,87,0.448,10,24,0.417,16,23,0.696,10,33,43,25,7,3,13,13,6
22015,1610612737,ATL,Atlanta Hawks,21500620,1/18/2016,ATL vs. ORL,W,239,98,41,80,0.513,9,19,0.474,7,10,0.7,4,43,47,31,9,6,17,20,17
22015,1610612737,ATL,Atlanta Hawks,21500602,1/16/2016,ATL vs. BKN,W,240,114,44,79,0.557,8,29,0.276,18,24,0.75,5,35,40,34,14,5,10,20,28
22015,1610612737,ATL,Atlanta Hawks,21500599,1/15/2016,ATL @ MIL,L,264,101,43,100,0.43,9,30,0.3,6,6,1,7,36,43,29,5,9,17,25,-7
22015,1610612737,ATL,Atlanta Hawks,21500577,1/13/2016,ATL @ CHA,L,240,84,30,81,0.37,7,25,0.28,17,21,0.81,6,31,37,17,5,4,16,21,-23
22015,1610612737,ATL,Atlanta Hawks,21500551,1/9/2016,ATL vs. CHI,W,239,120,49,94,0.521,10,24,0.417,12,15,0.8,8,32,40,33,15,13,15,22,15
22015,1610612737,ATL,Atlanta Hawks,21500536,1/7/2016,ATL @ PHI,W,239,126,49,92,0.533,13,32,0.406,15,19,0.789,14,34,48,36,18,6,16,23,28
22015,1610612737,ATL,Atlanta Hawks,21500521,1/5/2016,ATL vs. NYK,L,239,101,37,87,0.425,15,39,0.385,12,19,0.632,14,27,41,22,3,4,13,24,-6
22015,1610612737,ATL,Atlanta Hawks,21500506,1/3/2016,ATL @ NYK,L,241,97,37,84,0.44,8,26,0.308,15,20,0.75,8,24,32,26,11,5,15,14,-14
22015,1610612737,ATL,Atlanta Hawks,21500470,12/29/2015,ATL @ HOU,W,240,121,43,99,0.434,14,41,0.341,21,25,0.84,17,28,45,27,10,7,12,24,6
22015,1610612737,ATL,Atlanta Hawks,21500459,12/28/2015,ATL @ IND,L,241,87,31,74,0.419,6,25,0.24,19,25,0.76,8,36,44,16,9,6,20,16,-6
22015,1610612737,ATL,Atlanta Hawks,21500442,12/26/2015,ATL vs. NYK,W,240,117,47,88,0.534,8,24,0.333,15,18,0.833,10,27,37,33,13,4,9,17,19
22015,1610612737,ATL,Atlanta Hawks,21500429,12/23/2015,ATL vs. DET,W,240,107,43,89,0.483,6,20,0.3,15,20,0.75,10,32,42,25,8,4,13,25,6.8
22015,1610612737,ATL,Atlanta Hawks,21500413,12/21/2015,ATL vs. POR,W,240,106,37,77,0.481,9,29,0.31,23,28,0.821,2,29,31,21,8,1,10,17,9
22015,1610612737,ATL,Atlanta Hawks,21500407,12/20/2015,ATL @ ORL,W,240,103,39,78,0.5,11,22,0.5,14,20,0.7,8,33,41,25,6,7,19,21,3
22015,1610612737,ATL,Atlanta Hawks,21500389,12/18/2015,ATL @ BOS,W,240,109,41,88,0.466,4,20,0.2,23,29,0.793,9,33,42,23,11,4,12,28,8
22015,1610612737,ATL,Atlanta Hawks,21500376,12/16/2015,ATL vs. PHI,W,242,127,48,78,0.615,10,21,0.476,21,24,0.875,2,23,25,32,11,7,12,21,21
22015,1610612737,ATL,Atlanta Hawks,21500360,12/14/2015,ATL vs. MIA,L,239,88,33,84,0.393,8,33,0.242,14,15,0.933,7,30,37,25,7,4,14,21,-12
22015,1610612737,ATL,Atlanta Hawks,21500347,12/12/2015,ATL vs. SAS,L,240,78,30,80,0.375,5,24,0.208,13,16,0.813,7,26,33,21,15,3,17,15,-25
22015,1610612737,ATL,Atlanta Hawks,21500331,12/10/2015,ATL @ OKC,L,241,94,35,78,0.449,10,28,0.357,14,23,0.609,5,29,34,21,9,7,9,19,-13
22015,1610612737,ATL,Atlanta Hawks,21500328,12/9/2015,ATL @ DAL,W,240,98,39,81,0.481,6,20,0.3,14,18,0.778,6,41,47,26,7,7,14,19,3
22015,1610612737,ATL,Atlanta Hawks,21500286,12/4/2015,ATL vs. LAL,W,240,100,37,74,0.5,10,26,0.385,16,20,0.8,9,34,43,24,11,9,17,11,13
22015,1610612737,ATL,Atlanta Hawks,21500272,12/2/2015,ATL vs. TOR,L,240,86,33,90,0.367,8,27,0.296,12,16,0.75,13,30,43,22,8,7,12,20,-10
22015,1610612737,ATL,Atlanta Hawks,21500256,11/30/2015,ATL vs. OKC,W,241,106,39,90,0.433,10,28,0.357,18,20,0.9,14,37,51,23,9,8,12,15,6
22015,1610612737,ATL,Atlanta Hawks,21500242,11/28/2015,ATL @ SAS,L,239,88,37,87,0.425,6,26,0.231,8,13,0.615,12,31,43,28,9,5,18,17,-20
22015,1610612737,ATL,Atlanta Hawks,21500233,11/27/2015,ATL @ MEM,W,239,116,35,75,0.467,14,39,0.359,32,36,0.889,6,34,40,25,4,3,10,21,15
22015,1610612737,ATL,Atlanta Hawks,21500222,11/25/2015,ATL @ MIN,L,241,95,31,82,0.378,8,31,0.258,25,35,0.714,15,38,53,14,10,7,14,20,-4
22015,1610612737,ATL,Atlanta Hawks,21500210,11/24/2015,ATL vs. BOS,W,240,121,45,80,0.563,12,24,0.5,19,22,0.864,6,37,43,33,8,7,20,25,24
22015,1610612737,ATL,Atlanta Hawks,21500191,11/21/2015,ATL @ CLE,L,241,97,32,86,0.372,11,28,0.393,22,25,0.88,12,26,38,22,10,4,12,20,-12
22015,1610612737,ATL,Atlanta Hawks,21500169,11/18/2015,ATL vs. SAC,W,241,103,38,89,0.427,9,30,0.3,18,24,0.75,12,33,45,23,9,6,11,15,6
22015,1610612737,ATL,Atlanta Hawks,21500159,11/17/2015,ATL @ BKN,L,240,88,33,76,0.434,12,29,0.414,10,14,0.714,8,36,44,22,7,7,20,17,-2
22015,1610612737,ATL,Atlanta Hawks,21500148,11/15/2015,ATL vs. UTA,L,241,96,37,76,0.487,8,22,0.364,14,17,0.824,8,25,33,26,9,5,15,16,-1
22015,1610612737,ATL,Atlanta Hawks,21500129,11/13/2015,ATL @ BOS,L,240,93,36,76,0.474,6,20,0.3,15,20,0.75,5,30,35,26,3,2,16,14,-13
22015,1610612737,ATL,Atlanta Hawks,21500117,11/11/2015,ATL vs. NOP,W,241,106,42,86,0.488,10,26,0.385,12,16,0.75,8,36,44,26,10,7,12,16,8
22015,1610612737,ATL,Atlanta Hawks,21500101,11/9/2015,ATL vs. MIN,L,239,107,44,86,0.512,13,31,0.419,6,7,0.857,4,23,27,30,13,6,17,19,-10
22015,1610612737,ATL,Atlanta Hawks,21500086,11/7/2015,ATL vs. WAS,W,240,114,43,92,0.467,13,33,0.394,15,15,1,10,29,39,37,12,4,14,15,15
22015,1610612737,ATL,Atlanta Hawks,21500081,11/6/2015,ATL @ NOP,W,240,121,41,77,0.532,9,21,0.429,30,35,0.857,6,35,41,30,10,6,15,21,6
22015,1610612737,ATL,Atlanta Hawks,21500062,11/4/2015,ATL vs. BKN,W,241,101,37,76,0.487,8,22,0.364,19,24,0.792,6,28,34,27,15,10,13,17,14
22015,1610612737,ATL,Atlanta Hawks,21500055,11/3/2015,ATL @ MIA,W,239,98,37,90,0.411,7,21,0.333,17,22,0.773,16,35,51,25,10,1,15,14,6
22015,1610612737,ATL,Atlanta Hawks,21500039,11/1/2015,ATL @ CHA,W,240,94,37,88,0.42,7,29,0.241,13,14,0.929,9,39,48,22,9,6,11,16,2
22015,1610612737,ATL,Atlanta Hawks,21500026,10/30/2015,ATL vs. CHA,W,241,97,36,83,0.434,8,23,0.348,17,22,0.773,8,37,45,23,9,4,15,17,3
22015,1610612737,ATL,Atlanta Hawks,21500019,10/29/2015,ATL @ NYK,W,240,112,42,83,0.506,10,24,0.417,18,26,0.692,7,32,39,26,11,4,15,18,11
22015,1610612737,ATL,Atlanta Hawks,21500001,10/27/2015,ATL vs. DET,L,239,94,37,82,0.451,8,27,0.296,12,15,0.8,7,33,40,22,9,4,15,25,-12
12015,1610612737,ATL,Atlanta Hawks,11500108,10/23/2015,ATL @ DET,L,240,87,33,80,0.413,7,19,0.368,14,17,0.824,10,28,38,17,8,4,21,15,-28
12015,1610612737,ATL,Atlanta Hawks,11500095,10/21/2015,ATL vs. MEM,L,240,81,31,82,0.378,8,26,0.308,11,17,0.647,9,42,51,21,8,10,15,22,-1
12015,1610612737,ATL,Atlanta Hawks,11500081,10/18/2015,ATL vs. MIA,L,240,92,33,75,0.44,6,22,0.273,20,22,0.909,8,36,44,23,6,9,22,24,-9
12015,1610612737,ATL,Atlanta Hawks,11500068,10/16/2015,ATL @ DAL,W,241,91,31,84,0.369,9,28,0.321,20,24,0.833,9,40,49,18,9,7,15,14,7
12015,1610612737,ATL,Atlanta Hawks,11500060,10/14/2015,ATL vs. SAS,W,240,100,32,78,0.41,11,31,0.355,25,29,0.862,3,45,48,24,10,4,16,26,14
12015,1610612737,ATL,Atlanta Hawks,11500032,10/9/2015,ATL @ NOP,W,240,103,33,74,0.446,11,26,0.423,26,36,0.722,5,43,48,21,8,5,16,23,10
12015,1610612737,ATL,Atlanta Hawks,11500017,10/7/2015,ATL @ CLE,W,238,98,33,75,0.44,7,24,0.292,25,30,0.833,9,37,46,17,8,2,17,19,2
22015,1610612737,ATL,Atlanta Hawks,1521500065,7/19/2015,ATL @ SAS,L,199,68,23,71,0.324,5,26,0.192,17,23,0.739,14,27,41,12,9,7,18,24,-7
22015,1610612737,ATL,Atlanta Hawks,1521500062,7/18/2015,ATL vs. DAL,W,200,91,31,64,0.484,8,21,0.381,21,27,0.778,9,31,40,17,6,5,17,15,8
22015,1610612737,ATL,Atlanta Hawks,1521500050,7/16/2015,ATL @ DEN,W,199,82,31,75,0.413,10,22,0.455,10,14,0.714,8,29,37,19,15,2,17,22,9
22015,1610612737,ATL,Atlanta Hawks,1521500039,7/15/2015,ATL vs. MIA,W,200,75,28,65,0.431,3,14,0.214,16,18,0.889,12,32,44,17,7,7,20,28,11
22015,1610612737,ATL,Atlanta Hawks,1521500025,7/13/2015,ATL vs. DLS,L,200,74,27,64,0.422,2,14,0.143,18,27,0.667,7,28,35,10,10,6,18,26,-10
22015,1610612737,ATL,Atlanta Hawks,1521500020,7/12/2015,ATL vs. GSW,W,200,71,28,63,0.444,6,22,0.273,9,22,0.409,2,33,35,12,12,12,20,33,1
22015,1610612737,ATL,Atlanta Hawks,1521500003,7/10/2015,ATL @ DEN,L,201,71,29,70,0.414,6,22,0.273,7,8,0.875,9,28,37,13,8,4,22,29,-15
42016,1610612737,ATL,Atlanta Hawks,41600136,4/28/2017,ATL vs. WAS,L,240,99,37,78,0.474,9,32,0.281,16,19,0.842,11,24,35,26,9,3,22,22,-16
42016,1610612737,ATL,Atlanta Hawks,41600135,4/26/2017,ATL @ WAS,L,241,99,38,93,0.409,9,31,0.29,14,21,0.667,11,32,43,23,3,2,11,21,-4
42016,1610612737,ATL,Atlanta Hawks,41600134,4/24/2017,ATL vs. WAS,W,239,111,40,90,0.444,12,31,0.387,19,25,0.76,12,37,49,24,7,1,12,20,10
42016,1610612737,ATL,Atlanta Hawks,41600133,4/22/2017,ATL vs. WAS,W,240,116,44,89,0.494,9,25,0.36,19,32,0.594,11,39,50,26,6,5,11,17,18
42016,1610612737,ATL,Atlanta Hawks,41600132,4/19/2017,ATL @ WAS,L,240,101,32,79,0.405,4,20,0.2,33,38,0.868,10,31,41,17,6,6,18,26,-8
42016,1610612737,ATL,Atlanta Hawks,41600131,4/16/2017,ATL @ WAS,L,240,107,34,78,0.436,7,25,0.28,32,39,0.821,13,35,48,18,5,3,19,22,-7
22016,1610612737,ATL,Atlanta Hawks,21601226,4/12/2017,ATL @ IND,L,241,86,30,72,0.417,11,29,0.379,15,19,0.789,8,29,37,19,5,4,18,15,-18
22016,1610612737,ATL,Atlanta Hawks,21601212,4/11/2017,ATL vs. CHA,W,243,103,41,79,0.519,7,27,0.259,14,18,0.778,11,39,50,30,6,4,16,17,27
22016,1610612737,ATL,Atlanta Hawks,21601197,4/9/2017,ATL vs. CLE,W,265,126,44,94,0.468,9,31,0.29,29,37,0.784,10,35,45,31,8,4,12,22,1
22016,1610612737,ATL,Atlanta Hawks,21601179,4/7/2017,ATL @ CLE,W,240,114,45,89,0.506,16,37,0.432,8,8,1,6,36,42,39,7,3,11,17,14
22016,1610612737,ATL,Atlanta Hawks,21601177,4/6/2017,ATL vs. BOS,W,239,123,44,89,0.494,11,23,0.478,24,34,0.706,13,39,52,26,7,4,17,30,7
22016,1610612737,ATL,Atlanta Hawks,21601148,4/2/2017,ATL @ BKN,L,241,82,30,80,0.375,7,24,0.292,15,23,0.652,8,36,44,19,9,4,19,19,-9
22016,1610612737,ATL,Atlanta Hawks,21601138,4/1/2017,ATL @ CHI,L,240,104,40,90,0.444,11,28,0.393,13,17,0.765,11,34,45,25,4,1,13,16,-2
22016,1610612737,ATL,Atlanta Hawks,21601111,3/29/2017,ATL @ PHI,W,240,99,34,80,0.425,9,18,0.5,22,26,0.846,15,32,47,19,7,3,17,15,7
22016,1610612737,ATL,Atlanta Hawks,21601106,3/28/2017,ATL vs. PHX,W,238,95,34,85,0.4,6,27,0.222,21,29,0.724,9,42,51,24,5,6,19,23,4
22016,1610612737,ATL,Atlanta Hawks,21601088,3/26/2017,ATL vs. BKN,L,239,92,34,98,0.347,5,27,0.185,19,32,0.594,26,32,58,16,10,3,20,19,-15
22016,1610612737,ATL,Atlanta Hawks,21601078,3/24/2017,ATL @ MIL,L,240,97,34,83,0.41,8,22,0.364,21,24,0.875,13,36,49,20,5,3,17,19,-3
22016,1610612737,ATL,Atlanta Hawks,21601063,3/22/2017,ATL @ WAS,L,240,100,34,86,0.395,8,25,0.32,24,29,0.828,11,33,44,20,11,5,16,19,-4
22016,1610612737,ATL,Atlanta Hawks,21601044,3/20/2017,ATL @ CHA,L,241,90,37,84,0.44,12,37,0.324,4,10,0.4,12,33,45,26,3,5,15,17,-15
22016,1610612737,ATL,Atlanta Hawks,21601029,3/18/2017,ATL vs. POR,L,240,97,32,88,0.364,7,26,0.269,26,32,0.813,12,23,35,22,13,7,13,12,-16
22016,1610612737,ATL,Atlanta Hawks,21601017,3/16/2017,ATL vs. MEM,L,238,91,29,71,0.408,8,27,0.296,25,34,0.735,8,30,38,19,6,9,17,17,-12
22016,1610612737,ATL,Atlanta Hawks,21600994,3/13/2017,ATL @ SAS,L,241,99,37,81,0.457,6,22,0.273,19,30,0.633,6,30,36,27,13,3,16,20,-8
22016,1610612737,ATL,Atlanta Hawks,21600981,3/11/2017,ATL @ MEM,W,242,107,36,72,0.5,15,30,0.5,20,26,0.769,6,40,46,22,9,6,18,23,17
22016,1610612737,ATL,Atlanta Hawks,21600969,3/10/2017,ATL vs. TOR,W,239,105,39,75,0.52,8,22,0.364,19,29,0.655,8,37,45,24,8,6,21,20,6
22016,1610612737,ATL,Atlanta Hawks,21600950,3/8/2017,ATL vs. BKN,W,239,110,41,95,0.432,4,20,0.2,24,32,0.75,11,36,47,19,12,7,15,22,5
22016,1610612737,ATL,Atlanta Hawks,21600937,3/6/2017,ATL vs. GSW,L,240,111,38,82,0.463,13,28,0.464,22,31,0.71,14,33,47,19,6,6,19,23,-8
22016,1610612737,ATL,Atlanta Hawks,21600927,3/5/2017,ATL vs. IND,L,239,96,34,77,0.442,9,27,0.333,19,31,0.613,11,33,44,21,12,1,14,19,-1
22016,1610612737,ATL,Atlanta Hawks,21600913,3/3/2017,ATL vs. CLE,L,239,130,49,91,0.538,10,26,0.385,22,30,0.733,11,32,43,30,7,4,12,15,-5
22016,1610612737,ATL,Atlanta Hawks,21600897,3/1/2017,ATL vs. DAL,W,240,100,36,64,0.563,10,21,0.476,18,24,0.75,4,30,34,24,12,4,22,19,5
22016,1610612737,ATL,Atlanta Hawks,21600885,2/27/2017,ATL @ BOS,W,240,114,46,95,0.484,6,25,0.24,16,20,0.8,13,42,55,22,10,10,14,19,16
22016,1610612737,ATL,Atlanta Hawks,21600867,2/25/2017,ATL @ ORL,L,239,86,32,85,0.376,8,25,0.32,14,26,0.538,12,36,48,21,4,4,17,19,-19
22016,1610612737,ATL,Atlanta Hawks,21600863,2/24/2017,ATL vs. MIA,L,240,90,30,79,0.38,6,20,0.3,24,36,0.667,8,37,45,14,7,6,10,12,-18
22016,1610612737,ATL,Atlanta Hawks,21600846,2/15/2017,ATL @ LAC,L,240,84,32,79,0.405,7,26,0.269,13,19,0.684,10,35,45,20,5,1,20,13,-15
22016,1610612737,ATL,Atlanta Hawks,21600830,2/13/2017,ATL @ POR,W,264,109,32,83,0.386,8,28,0.286,37,48,0.771,7,45,52,20,9,11,9,23,5
22016,1610612737,ATL,Atlanta Hawks,21600806,2/10/2017,ATL @ SAC,L,241,107,36,71,0.507,11,30,0.367,24,31,0.774,3,34,37,19,6,5,16,17,-1
22016,1610612737,ATL,Atlanta Hawks,21600785,2/8/2017,ATL vs. DEN,W,240,117,47,93,0.505,8,27,0.296,15,18,0.833,12,36,48,31,6,4,10,18,11
22016,1610612737,ATL,Atlanta Hawks,21600772,2/6/2017,ATL vs. UTA,L,242,95,33,74,0.446,6,17,0.353,23,32,0.719,7,23,30,16,6,3,12,18,-25
22016,1610612737,ATL,Atlanta Hawks,21600756,2/4/2017,ATL vs. ORL,W,239,113,41,78,0.526,10,28,0.357,21,27,0.778,10,38,48,28,8,2,15,20,27
22016,1610612737,ATL,Atlanta Hawks,21600743,2/2/2017,ATL @ HOU,W,239,113,44,85,0.518,8,30,0.267,17,23,0.739,8,48,56,26,8,5,20,20,5
22016,1610612737,ATL,Atlanta Hawks,21600734,2/1/2017,ATL @ MIA,L,239,93,34,86,0.395,7,26,0.269,18,21,0.857,9,34,43,13,10,6,15,14,-23
22016,1610612737,ATL,Atlanta Hawks,21600711,1/29/2017,ATL vs. NYK,W,341,142,52,119,0.437,10,31,0.323,28,40,0.7,17,47,64,36,4,2,14,24,3
22016,1610612737,ATL,Atlanta Hawks,21600702,1/27/2017,ATL vs. WAS,L,240,86,30,83,0.361,9,31,0.29,17,25,0.68,8,33,41,18,9,8,19,16,-26
22016,1610612737,ATL,Atlanta Hawks,21600683,1/25/2017,ATL @ CHI,W,241,119,43,83,0.518,17,30,0.567,16,19,0.842,6,33,39,29,5,5,13,20,5
22016,1610612737,ATL,Atlanta Hawks,21600667,1/23/2017,ATL vs. LAC,L,239,105,37,88,0.42,9,29,0.31,22,26,0.846,8,32,40,28,8,2,8,17,-10
22016,1610612737,ATL,Atlanta Hawks,21600653,1/21/2017,ATL vs. PHI,W,241,110,45,91,0.495,7,20,0.35,13,23,0.565,11,36,47,24,8,5,13,18,17
22016,1610612737,ATL,Atlanta Hawks,21600647,1/20/2017,ATL vs. CHI,W,241,102,39,82,0.476,9,22,0.409,15,19,0.789,10,30,40,23,16,3,19,19,9
22016,1610612737,ATL,Atlanta Hawks,21600633,1/18/2017,ATL @ DET,L,241,95,30,78,0.385,6,25,0.24,29,37,0.784,8,24,32,22,1,4,12,21,-23
22016,1610612737,ATL,Atlanta Hawks,21600613,1/16/2017,ATL @ NYK,W,241,108,40,87,0.46,12,32,0.375,16,23,0.696,8,28,36,26,11,3,10,15,1
22016,1610612737,ATL,Atlanta Hawks,21600607,1/15/2017,ATL vs. MIL,W,240,111,42,80,0.525,13,26,0.5,14,18,0.778,14,23,37,29,9,4,19,20,13
22016,1610612737,ATL,Atlanta Hawks,21600597,1/13/2017,ATL vs. BOS,L,241,101,36,84,0.429,11,30,0.367,18,21,0.857,12,31,43,22,5,5,12,17,-2
22016,1610612737,ATL,Atlanta Hawks,21600573,1/10/2017,ATL @ BKN,W,240,117,44,92,0.478,7,23,0.304,22,38,0.579,15,38,53,25,11,12,12,17,20
22016,1610612737,ATL,Atlanta Hawks,21600557,1/7/2017,ATL @ DAL,W,241,97,30,74,0.405,11,22,0.5,26,32,0.813,6,41,47,19,8,1,10,15,15
22016,1610612737,ATL,Atlanta Hawks,21600539,1/5/2017,ATL @ NOP,W,240,99,38,90,0.422,9,23,0.391,14,17,0.824,12,43,55,23,9,6,14,14,5
22016,1610612737,ATL,Atlanta Hawks,21600530,1/4/2017,ATL @ ORL,W,241,111,44,81,0.543,10,19,0.526,13,18,0.722,3,36,39,27,12,3,12,12,19
22016,1610612737,ATL,Atlanta Hawks,21600508,1/1/2017,ATL vs. SAS,W,264,114,42,92,0.457,14,28,0.5,16,27,0.593,11,35,46,25,6,6,11,21,2
22016,1610612737,ATL,Atlanta Hawks,21600498,12/30/2016,ATL vs. DET,W,240,105,39,88,0.443,8,26,0.308,19,25,0.76,12,32,44,29,10,2,15,21,7
22016,1610612737,ATL,Atlanta Hawks,21600478,12/28/2016,ATL vs. NYK,W,265,102,37,101,0.366,7,27,0.259,21,27,0.778,17,38,55,19,8,3,13,19,4
22016,1610612737,ATL,Atlanta Hawks,21600468,12/26/2016,ATL @ MIN,L,240,90,35,83,0.422,8,32,0.25,12,17,0.706,17,29,46,20,8,7,19,19,-14
22016,1610612737,ATL,Atlanta Hawks,21600451,12/23/2016,ATL @ DEN,W,239,109,37,86,0.43,8,25,0.32,27,33,0.818,9,31,40,26,10,4,8,25,1
22016,1610612737,ATL,Atlanta Hawks,21600430,12/21/2016,ATL vs. MIN,L,241,84,34,82,0.415,7,26,0.269,9,13,0.692,8,27,35,19,9,8,10,15,-8
22016,1610612737,ATL,Atlanta Hawks,21600415,12/19/2016,ATL @ OKC,W,240,110,41,75,0.547,9,23,0.391,19,24,0.792,5,30,35,24,5,2,15,20,2
22016,1610612737,ATL,Atlanta Hawks,21600401,12/17/2016,ATL vs. CHA,L,240,99,40,86,0.465,10,26,0.385,9,16,0.563,9,38,47,26,4,2,12,18,-8
22016,1610612737,ATL,Atlanta Hawks,21600392,12/16/2016,ATL @ TOR,W,241,125,46,86,0.535,11,25,0.44,22,32,0.688,15,29,44,26,6,6,14,22,4
22016,1610612737,ATL,Atlanta Hawks,21600369,12/13/2016,ATL vs. ORL,L,241,120,45,89,0.506,11,28,0.393,19,21,0.905,13,32,45,29,6,4,15,16,-11
22016,1610612737,ATL,Atlanta Hawks,21600340,12/9/2016,ATL @ MIL,W,240,114,40,84,0.476,12,34,0.353,22,29,0.759,9,37,46,32,7,8,17,11,4
22016,1610612737,ATL,Atlanta Hawks,21600324,12/7/2016,ATL vs. MIA,W,240,103,43,88,0.489,4,19,0.211,13,15,0.867,14,33,47,27,9,9,14,20,8
22016,1610612737,ATL,Atlanta Hawks,21600307,12/5/2016,ATL vs. OKC,L,241,99,34,77,0.442,7,22,0.318,24,32,0.75,7,29,36,26,13,3,18,24,-3
22016,1610612737,ATL,Atlanta Hawks,21600293,12/3/2016,ATL @ TOR,L,240,84,35,88,0.398,7,28,0.25,7,14,0.5,13,25,38,21,7,5,18,13,-44
22016,1610612737,ATL,Atlanta Hawks,21600288,12/2/2016,ATL vs. DET,L,241,85,32,88,0.364,6,24,0.25,15,20,0.75,6,26,32,22,6,2,7,12,-36
22016,1610612737,ATL,Atlanta Hawks,21600274,11/30/2016,ATL @ PHX,L,239,107,45,89,0.506,9,25,0.36,8,10,0.8,7,33,40,20,9,6,20,22,-2
22016,1610612737,ATL,Atlanta Hawks,21600259,11/28/2016,ATL @ GSW,L,239,100,36,85,0.424,7,29,0.241,21,30,0.7,13,37,50,20,11,4,18,22,-5
22016,1610612737,ATL,Atlanta Hawks,21600252,11/27/2016,ATL @ LAL,L,239,94,39,88,0.443,12,35,0.343,4,10,0.4,7,31,38,25,5,6,12,19,-15
22016,1610612737,ATL,Atlanta Hawks,21600231,11/25/2016,ATL @ UTA,L,240,68,26,83,0.313,8,25,0.32,8,12,0.667,6,34,40,11,8,4,14,16,-27
22016,1610612737,ATL,Atlanta Hawks,21600216,11/23/2016,ATL @ IND,W,239,96,36,85,0.424,5,20,0.25,19,22,0.864,17,39,56,17,11,7,21,18,11
22016,1610612737,ATL,Atlanta Hawks,21600209,11/22/2016,ATL vs. NOP,L,240,94,39,85,0.459,10,29,0.345,6,10,0.6,6,34,40,22,5,6,15,15,-18
22016,1610612737,ATL,Atlanta Hawks,21600193,11/20/2016,ATL @ NYK,L,240,94,34,85,0.4,6,21,0.286,20,29,0.69,14,34,48,17,7,6,13,15,-10
22016,1610612737,ATL,Atlanta Hawks,21600174,11/18/2016,ATL @ CHA,L,240,96,39,84,0.464,7,28,0.25,11,17,0.647,8,41,49,25,9,6,16,18,-4
22016,1610612737,ATL,Atlanta Hawks,21600163,11/16/2016,ATL vs. MIL,W,239,107,35,72,0.486,10,32,0.313,27,31,0.871,3,36,39,29,6,8,16,17,7
22016,1610612737,ATL,Atlanta Hawks,21600154,11/15/2016,ATL @ MIA,W,241,93,37,80,0.463,6,17,0.353,13,19,0.684,6,29,35,18,14,4,19,13,3
22016,1610612737,ATL,Atlanta Hawks,21600132,11/12/2016,ATL vs. PHI,W,238,117,48,95,0.505,13,32,0.406,8,14,0.571,15,37,52,31,10,6,16,14,21
22016,1610612737,ATL,Atlanta Hawks,21600111,11/9/2016,ATL vs. CHI,W,240,115,42,83,0.506,9,20,0.45,22,27,0.815,13,35,48,24,8,7,21,20,8
22016,1610612737,ATL,Atlanta Hawks,21600100,11/8/2016,ATL @ CLE,W,241,110,41,81,0.506,11,29,0.379,17,24,0.708,11,39,50,22,1,4,19,21,4
22016,1610612737,ATL,Atlanta Hawks,21600084,11/5/2016,ATL vs. HOU,W,242,112,45,85,0.529,8,20,0.4,14,24,0.583,13,31,44,29,17,6,19,13,15
22016,1610612737,ATL,Atlanta Hawks,21600070,11/4/2016,ATL @ WAS,L,241,92,32,83,0.386,5,25,0.2,23,36,0.639,10,37,47,22,12,3,18,24,-3
22016,1610612737,ATL,Atlanta Hawks,21600059,11/2/2016,ATL vs. LAL,L,241,116,41,85,0.482,11,32,0.344,23,29,0.793,10,27,37,30,10,1,18,19,-7
22016,1610612737,ATL,Atlanta Hawks,21600044,10/31/2016,ATL vs. SAC,W,240,106,33,79,0.418,11,30,0.367,29,47,0.617,17,26,43,24,11,6,13,20,11
22016,1610612737,ATL,Atlanta Hawks,21600026,10/29/2016,ATL @ PHI,W,239,104,42,85,0.494,5,20,0.25,15,23,0.652,6,41,47,31,11,7,12,14,32
22016,1610612737,ATL,Atlanta Hawks,21600014,10/27/2016,ATL vs. WAS,W,240,114,44,88,0.5,12,26,0.462,14,18,0.778,14,38,52,28,13,7,21,19,15
12016,1610612737,ATL,Atlanta Hawks,11600094,10/20/2016,ATL @ CHI,W,240,97,40,85,0.471,8,25,0.32,9,13,0.692,7,48,55,33,5,5,18,20,16
12016,1610612737,ATL,Atlanta Hawks,11600083,10/18/2016,ATL vs. NOP,W,239,96,36,86,0.419,6,21,0.286,18,26,0.692,14,39,53,25,8,7,18,19,7
12016,1610612737,ATL,Atlanta Hawks,11600073,10/16/2016,ATL @ ORL,W,239,105,36,88,0.409,10,27,0.37,23,27,0.852,11,38,49,24,6,11,9,18,7
12016,1610612737,ATL,Atlanta Hawks,11600056,10/13/2016,ATL vs. DET,L,242,94,36,83,0.434,11,28,0.393,11,16,0.688,10,30,40,25,8,6,19,32,-5
12016,1610612737,ATL,Atlanta Hawks,11600040,10/10/2016,ATL vs. CLE,W,240,99,38,83,0.458,2,19,0.105,21,31,0.677,9,36,45,22,9,5,17,20,6
12016,1610612737,ATL,Atlanta Hawks,11600035,10/8/2016,ATL @ SAS,L,241,91,34,82,0.415,6,18,0.333,17,17,1,9,30,39,27,9,2,17,20,-11
12016,1610612737,ATL,Atlanta Hawks,11600023,10/6/2016,ATL @ MEM,W,240,104,41,86,0.477,7,21,0.333,15,23,0.652,11,42,53,28,7,4,14,25,21
22016,1610612737,ATL,Atlanta Hawks,1521600057,7/15/2016,ATL @ MEM,W,199,89,34,71,0.479,7,21,0.333,14,19,0.737,15,29,44,19,9,5,19,14,10
22016,1610612737,ATL,Atlanta Hawks,1521600045,7/14/2016,ATL @ WAS,L,200,60,23,64,0.359,2,17,0.118,12,15,0.8,6,26,32,11,14,10,16,18,-11
22016,1610612737,ATL,Atlanta Hawks,1521600037,7/13/2016,ATL vs. SAC,W,201,81,26,62,0.419,8,18,0.444,21,26,0.808,10,29,39,15,13,0,20,16,20
22016,1610612737,ATL,Atlanta Hawks,1521600027,7/11/2016,ATL vs. BKN,L,200,65,23,70,0.329,6,26,0.231,13,17,0.765,10,27,37,10,10,8,16,27,-7
22016,1610612737,ATL,Atlanta Hawks,1521600015,7/10/2016,ATL @ WAS,W,201,88,32,63,0.508,14,27,0.519,10,13,0.769,6,31,37,24,8,6,19,22,8
22016,1610612737,ATL,Atlanta Hawks,1521600002,7/8/2016,ATL @ HOU,W,201,83,27,61,0.443,10,23,0.435,19,31,0.613,12,34,46,16,8,1,19,21,5.4
22017,1610612737,ATL,Atlanta Hawks,21701214,4/10/2018,ATL vs. PHI,L,240,113,41,98,0.418,13,37,0.351,18,26,0.692,8,31,39,27,10,3,10,24,-8
22017,1610612737,ATL,Atlanta Hawks,21701202,4/8/2018,ATL @ BOS,W,239,112,43,86,0.5,15,35,0.429,11,14,0.786,5,32,37,23,7,4,13,19,6
22017,1610612737,ATL,Atlanta Hawks,21701184,4/6/2018,ATL @ WAS,W,239,103,38,79,0.481,11,33,0.333,16,23,0.696,7,43,50,24,5,5,18,22,6
22017,1610612737,ATL,Atlanta Hawks,21701172,4/4/2018,ATL vs. MIA,L,239,86,33,90,0.367,9,30,0.3,11,17,0.647,10,38,48,20,5,6,15,16,-29
22017,1610612737,ATL,Atlanta Hawks,21701158,4/3/2018,ATL @ MIA,L,240,98,37,88,0.42,13,33,0.394,11,15,0.733,12,37,49,24,10,1,15,15,-3
22017,1610612737,ATL,Atlanta Hawks,21701147,4/1/2018,ATL vs. ORL,W,241,94,41,85,0.482,11,36,0.306,1,1,1,5,47,52,33,0,3,14,15,6
22017,1610612737,ATL,Atlanta Hawks,21701130,3/30/2018,ATL vs. PHI,L,239,91,36,101,0.356,9,39,0.231,10,15,0.667,15,44,59,24,9,4,16,14,-10
22017,1610612737,ATL,Atlanta Hawks,21701120,3/28/2018,ATL @ MIN,L,239,114,41,77,0.532,13,27,0.481,19,23,0.826,4,33,37,26,10,2,19,22,-6
22017,1610612737,ATL,Atlanta Hawks,21701101,3/25/2018,ATL @ HOU,L,239,99,39,88,0.443,11,40,0.275,10,11,0.909,7,38,45,18,5,2,13,14,-19
22017,1610612737,ATL,Atlanta Hawks,21701087,3/23/2018,ATL @ GSW,L,241,94,37,84,0.44,11,32,0.344,9,20,0.45,5,39,44,24,5,5,11,14,-12
22017,1610612737,ATL,Atlanta Hawks,21701077,3/22/2018,ATL @ SAC,L,239,90,33,84,0.393,12,36,0.333,12,18,0.667,6,34,40,19,7,2,12,10,-15
22017,1610612737,ATL,Atlanta Hawks,21701062,3/20/2018,ATL @ UTA,W,241,99,38,94,0.404,9,33,0.273,14,19,0.737,11,41,52,21,7,3,13,23,5
22017,1610612737,ATL,Atlanta Hawks,21701041,3/17/2018,ATL @ MIL,L,240,117,39,85,0.459,12,36,0.333,27,28,0.964,8,36,44,23,7,4,19,25,-5
22017,1610612737,ATL,Atlanta Hawks,21701021,3/15/2018,ATL vs. CHA,L,242,117,42,90,0.467,16,36,0.444,17,26,0.654,6,40,46,30,5,2,11,27,-12
22017,1610612737,ATL,Atlanta Hawks,21701007,3/13/2018,ATL vs. OKC,L,241,107,37,87,0.425,13,31,0.419,20,24,0.833,13,34,47,26,5,5,15,25,-12
22017,1610612737,ATL,Atlanta Hawks,21700993,3/11/2018,ATL vs. CHI,L,241,122,42,82,0.512,19,40,0.475,19,22,0.864,5,37,42,32,2,5,15,14,-7
22017,1610612737,ATL,Atlanta Hawks,21700978,3/9/2018,ATL @ IND,L,238,87,34,82,0.415,10,33,0.303,9,10,0.9,6,29,35,21,11,4,18,13,-25
22017,1610612737,ATL,Atlanta Hawks,21700958,3/6/2018,ATL @ TOR,L,241,90,34,80,0.425,6,21,0.286,16,21,0.762,12,32,44,22,8,6,21,25,-16
22017,1610612737,ATL,Atlanta Hawks,21700943,3/4/2018,ATL vs. PHX,W,240,113,43,94,0.457,17,33,0.515,10,12,0.833,9,40,49,23,7,5,16,18,1
22017,1610612737,ATL,Atlanta Hawks,21700928,3/2/2018,ATL vs. GSW,L,241,109,38,86,0.442,15,35,0.429,18,20,0.9,3,32,35,21,10,2,19,21,-5
22017,1610612737,ATL,Atlanta Hawks,21700915,2/28/2018,ATL vs. IND,W,241,107,38,87,0.437,9,29,0.31,22,27,0.815,15,34,49,21,13,11,21,23,5
22017,1610612737,ATL,Atlanta Hawks,21700897,2/26/2018,ATL vs. LAL,L,241,104,36,96,0.375,8,36,0.222,24,34,0.706,8,33,41,21,14,3,11,17,-19
22017,1610612737,ATL,Atlanta Hawks,21700874,2/23/2018,ATL @ IND,L,239,93,37,82,0.451,7,31,0.226,12,19,0.632,6,34,40,14,9,7,22,20,-23
22017,1610612737,ATL,Atlanta Hawks,21700853,2/14/2018,ATL @ DET,L,239,98,38,89,0.427,6,33,0.182,16,19,0.842,8,35,43,25,9,4,11,21,-6
22017,1610612737,ATL,Atlanta Hawks,21700848,2/13/2018,ATL @ MIL,L,240,92,33,86,0.384,12,35,0.343,14,20,0.7,14,36,50,21,7,6,12,14,-5
22017,1610612737,ATL,Atlanta Hawks,21700834,2/11/2018,ATL vs. DET,W,241,118,38,78,0.487,10,29,0.345,32,37,0.865,4,31,35,27,10,3,13,26,3
22017,1610612737,ATL,Atlanta Hawks,21700819,2/9/2018,ATL vs. CLE,L,238,107,37,83,0.446,16,44,0.364,17,19,0.895,6,36,42,20,4,4,12,18,-16
22017,1610612737,ATL,Atlanta Hawks,21700811,2/8/2018,ATL @ ORL,L,240,98,37,87,0.425,12,30,0.4,12,18,0.667,9,37,46,25,4,7,17,23,-2
22017,1610612737,ATL,Atlanta Hawks,21700799,2/6/2018,ATL vs. MEM,W,241,108,42,83,0.506,8,25,0.32,16,21,0.762,8,28,36,29,13,5,13,16,26
22017,1610612737,ATL,Atlanta Hawks,21700786,2/4/2018,ATL @ NYK,W,239,99,35,87,0.402,15,33,0.455,14,19,0.737,13,31,44,25,6,3,16,12,3
22017,1610612737,ATL,Atlanta Hawks,21700767,2/2/2018,ATL @ BOS,L,242,110,34,80,0.425,11,31,0.355,31,34,0.912,4,32,36,21,6,4,12,18,-9
22017,1610612737,ATL,Atlanta Hawks,21700755,1/31/2018,ATL vs. CHA,L,242,110,39,77,0.506,12,32,0.375,20,22,0.909,4,25,29,26,5,4,9,16,-13
22017,1610612737,ATL,Atlanta Hawks,21700739,1/29/2018,ATL vs. MIN,W,240,105,39,79,0.494,13,34,0.382,14,16,0.875,8,36,44,27,8,8,21,18,5
22017,1610612737,ATL,Atlanta Hawks,21700726,1/27/2018,ATL vs. WAS,L,241,104,38,88,0.432,12,43,0.279,16,21,0.762,11,21,32,24,2,4,12,15,-25
22017,1610612737,ATL,Atlanta Hawks,21700714,1/26/2018,ATL @ CHA,L,240,110,37,79,0.468,15,30,0.5,21,25,0.84,6,33,39,23,6,5,20,26,-11
22017,1610612737,ATL,Atlanta Hawks,21700705,1/24/2018,ATL vs. TOR,L,240,93,37,94,0.394,7,21,0.333,12,17,0.706,12,35,47,19,8,9,16,21,-15
22017,1610612737,ATL,Atlanta Hawks,21700688,1/22/2018,ATL vs. UTA,W,241,104,40,83,0.482,12,26,0.462,12,12,1,10,34,44,24,8,5,17,24,14
22017,1610612737,ATL,Atlanta Hawks,21700675,1/20/2018,ATL vs. CHI,L,240,97,35,92,0.38,11,48,0.229,16,23,0.696,9,36,45,27,5,4,13,21,-16
22017,1610612737,ATL,Atlanta Hawks,21700654,1/17/2018,ATL vs. NOP,W,239,94,37,89,0.416,10,40,0.25,10,13,0.769,12,31,43,32,5,3,10,22,1
22017,1610612737,ATL,Atlanta Hawks,21700641,1/15/2018,ATL vs. SAS,W,240,102,40,86,0.465,9,25,0.36,13,14,0.929,11,39,50,23,8,2,15,23,3
22017,1610612737,ATL,Atlanta Hawks,21700621,1/12/2018,ATL vs. BKN,L,241,105,37,80,0.463,11,28,0.393,20,26,0.769,8,38,46,21,6,3,18,25,-5
22017,1610612737,ATL,Atlanta Hawks,21700612,1/10/2018,ATL @ DEN,W,239,110,40,80,0.5,12,27,0.444,18,18,1,6,38,44,25,6,4,16,23,13.4
22017,1610612737,ATL,Atlanta Hawks,21700598,1/8/2018,ATL @ LAC,L,239,107,38,96,0.396,10,37,0.27,21,29,0.724,19,37,56,20,9,8,14,26,-1
22017,1610612737,ATL,Atlanta Hawks,21700590,1/7/2018,ATL @ LAL,L,240,113,41,94,0.436,12,34,0.353,19,23,0.826,10,27,37,22,5,4,15,16,-19
22017,1610612737,ATL,Atlanta Hawks,21700576,1/5/2018,ATL @ POR,L,239,89,30,83,0.361,8,26,0.308,21,25,0.84,11,28,39,14,7,5,16,16,-21
22017,1610612737,ATL,Atlanta Hawks,21700551,1/2/2018,ATL @ PHX,L,240,103,36,87,0.414,10,31,0.323,21,25,0.84,17,23,40,18,11,3,16,22,-1
22017,1610612737,ATL,Atlanta Hawks,21700533,12/30/2017,ATL vs. POR,W,241,104,40,89,0.449,14,30,0.467,10,15,0.667,13,32,45,29,12,3,13,16,15
22017,1610612737,ATL,Atlanta Hawks,21700522,12/29/2017,ATL @ TOR,L,241,98,38,88,0.432,9,24,0.375,13,20,0.65,14,34,48,21,6,7,18,15,-13
22017,1610612737,ATL,Atlanta Hawks,21700508,12/27/2017,ATL vs. WAS,W,241,113,41,94,0.436,11,37,0.297,20,29,0.69,16,37,53,28,7,7,11,21,14
22017,1610612737,ATL,Atlanta Hawks,21700484,12/23/2017,ATL vs. DAL,W,242,112,42,75,0.56,10,24,0.417,18,22,0.818,6,32,38,29,5,2,15,19,5
22017,1610612737,ATL,Atlanta Hawks,21700477,12/22/2017,ATL @ OKC,L,241,117,44,85,0.518,15,32,0.469,14,17,0.824,7,20,27,28,12,3,15,24,-3
22017,1610612737,ATL,Atlanta Hawks,21700455,12/20/2017,ATL vs. IND,L,239,95,35,81,0.432,8,29,0.276,17,20,0.85,11,32,43,27,5,6,13,17,-10
22017,1610612737,ATL,Atlanta Hawks,21700443,12/18/2017,ATL vs. MIA,W,241,110,38,83,0.458,8,22,0.364,26,31,0.839,10,29,39,25,8,6,12,23,6
22017,1610612737,ATL,Atlanta Hawks,21700425,12/15/2017,ATL @ MEM,L,241,94,34,77,0.442,12,31,0.387,14,16,0.875,7,28,35,27,12,5,17,19,-2
22017,1610612737,ATL,Atlanta Hawks,21700413,12/14/2017,ATL vs. DET,L,238,91,32,70,0.457,11,31,0.355,16,26,0.615,7,27,34,28,6,6,16,12,-15
22017,1610612737,ATL,Atlanta Hawks,21700397,12/12/2017,ATL @ CLE,L,242,114,43,92,0.467,16,36,0.444,12,13,0.923,10,27,37,26,8,4,10,17,-9
22017,1610612737,ATL,Atlanta Hawks,21700390,12/10/2017,ATL @ NYK,L,240,107,37,77,0.481,9,31,0.29,24,30,0.8,6,29,35,22,5,4,15,28,-4
22017,1610612737,ATL,Atlanta Hawks,21700378,12/9/2017,ATL vs. ORL,W,240,117,41,80,0.513,17,33,0.515,18,25,0.72,9,31,40,33,7,6,12,13,7
22017,1610612737,ATL,Atlanta Hawks,21700355,12/6/2017,ATL @ ORL,L,265,106,40,93,0.43,11,27,0.407,15,20,0.75,11,38,49,25,7,3,17,16,-4
22017,1610612737,ATL,Atlanta Hawks,21700342,12/4/2017,ATL vs. BKN,L,241,90,30,82,0.366,9,30,0.3,21,27,0.778,9,29,38,18,9,2,18,19,-20
22017,1610612737,ATL,Atlanta Hawks,21700328,12/2/2017,ATL @ BKN,W,241,114,47,99,0.475,10,27,0.37,10,14,0.714,13,34,47,18,12,5,8,19,12
22017,1610612737,ATL,Atlanta Hawks,21700313,11/30/2017,ATL vs. CLE,L,240,114,41,79,0.519,12,31,0.387,20,24,0.833,8,21,29,24,9,4,17,20,-7
22017,1610612737,ATL,Atlanta Hawks,21700280,11/25/2017,ATL vs. TOR,L,241,78,26,75,0.347,6,27,0.222,20,23,0.87,7,25,32,18,9,1,18,15,-34
22017,1610612737,ATL,Atlanta Hawks,21700268,11/24/2017,ATL vs. NYK,W,240,116,47,99,0.475,13,31,0.419,9,12,0.75,13,27,40,30,7,2,9,16,12
22017,1610612737,ATL,Atlanta Hawks,21700256,11/22/2017,ATL vs. LAC,L,240,103,40,83,0.482,10,29,0.345,13,15,0.867,9,27,36,26,10,2,15,20,-13
22017,1610612737,ATL,Atlanta Hawks,21700250,11/20/2017,ATL @ SAS,L,238,85,37,85,0.435,8,30,0.267,3,8,0.375,9,29,38,21,7,7,15,15,-11
22017,1610612737,ATL,Atlanta Hawks,21700230,11/18/2017,ATL vs. BOS,L,240,99,37,78,0.474,9,24,0.375,16,20,0.8,6,29,35,24,7,1,13,19,-11
22017,1610612737,ATL,Atlanta Hawks,21700204,11/15/2017,ATL vs. SAC,W,239,126,50,79,0.633,16,32,0.5,10,16,0.625,9,44,53,40,9,6,18,23,43
22017,1610612737,ATL,Atlanta Hawks,21700195,11/13/2017,ATL @ NOP,L,240,105,40,87,0.46,17,36,0.472,8,9,0.889,10,26,36,25,14,1,16,18,-1
22017,1610612737,ATL,Atlanta Hawks,21700177,11/11/2017,ATL @ WAS,L,240,94,34,83,0.41,14,33,0.424,12,17,0.706,10,22,32,19,11,1,24,23,-19
22017,1610612737,ATL,Atlanta Hawks,21700169,11/10/2017,ATL @ DET,L,239,104,44,89,0.494,8,24,0.333,8,11,0.727,11,34,45,28,11,7,15,21,-7
22017,1610612737,ATL,Atlanta Hawks,21700146,11/6/2017,ATL vs. BOS,L,241,107,39,81,0.481,13,26,0.5,16,20,0.8,5,31,36,24,8,4,14,22,-3
22017,1610612737,ATL,Atlanta Hawks,21700136,11/5/2017,ATL @ CLE,W,239,117,41,86,0.477,11,25,0.44,24,34,0.706,11,33,44,24,4,6,17,20,2
22017,1610612737,ATL,Atlanta Hawks,21700123,11/3/2017,ATL vs. HOU,L,240,104,39,81,0.481,11,33,0.333,15,18,0.833,5,36,41,16,8,8,18,16,-15
22017,1610612737,ATL,Atlanta Hawks,21700107,11/1/2017,ATL @ PHI,L,241,109,41,94,0.436,8,23,0.348,19,27,0.704,12,37,49,22,11,4,18,28,-10
22017,1610612737,ATL,Atlanta Hawks,21700085,10/29/2017,ATL vs. MIL,L,239,106,36,77,0.468,13,29,0.448,21,26,0.808,3,28,31,27,9,2,16,21,-11
22017,1610612737,ATL,Atlanta Hawks,21700072,10/27/2017,ATL vs. DEN,L,241,100,37,89,0.416,14,33,0.424,12,12,1,11,32,43,23,7,4,12,21,-3
22017,1610612737,ATL,Atlanta Hawks,21700065,10/26/2017,ATL @ CHI,L,240,86,32,81,0.395,11,28,0.393,11,13,0.846,7,33,40,22,10,5,10,23,-5
22017,1610612737,ATL,Atlanta Hawks,21700042,10/23/2017,ATL @ MIA,L,240,93,36,76,0.474,7,17,0.412,14,18,0.778,6,35,41,14,9,1,20,17,-11
22017,1610612737,ATL,Atlanta Hawks,21700038,10/22/2017,ATL @ BKN,L,239,104,32,94,0.34,7,27,0.259,33,36,0.917,16,32,48,21,6,2,16,25,-12
22017,1610612737,ATL,Atlanta Hawks,21700017,10/20/2017,ATL @ CHA,L,241,91,36,95,0.379,7,30,0.233,12,14,0.857,6,32,38,19,11,4,13,29,-22
22017,1610612737,ATL,Atlanta Hawks,21700009,10/18/2017,ATL @ DAL,W,241,117,48,94,0.511,9,18,0.5,12,15,0.8,14,36,50,20,11,6,13,18,6
12017,1610612737,ATL,Atlanta Hawks,11700065,10/12/2017,ATL vs. DAL,L,240,94,31,80,0.388,9,27,0.333,23,32,0.719,10,29,39,21,10,2,19,12,-14
12017,1610612737,ATL,Atlanta Hawks,11700050,10/9/2017,ATL vs. MEM,W,241,100,35,77,0.455,10,30,0.333,20,25,0.8,7,39,46,22,8,7,26,27,8.4
12017,1610612737,ATL,Atlanta Hawks,11700031,10/6/2017,ATL @ DET,L,240,87,31,85,0.365,14,36,0.389,11,15,0.733,7,30,37,24,2,3,14,12,-22
12017,1610612737,ATL,Atlanta Hawks,11700018,10/4/2017,ATL @ CLE,W,242,109,39,81,0.481,12,38,0.316,19,26,0.731,6,39,45,28,6,2,20,15,16
12017,1610612737,ATL,Atlanta Hawks,11700004,10/1/2017,ATL @ MIA,L,241,90,31,87,0.356,6,25,0.24,22,27,0.815,10,32,42,18,14,1,16,25,-6
22017,1610612737,ATL,Atlanta Hawks,1521700053,7/14/2017,ATL vs. HOU,W,199,92,35,75,0.467,4,19,0.211,18,30,0.6,14,27,41,21,10,6,14,17,6
22017,1610612737,ATL,Atlanta Hawks,1521700037,7/12/2017,ATL vs. NOP,L,200,95,34,77,0.442,7,22,0.318,20,26,0.769,9,20,29,13,9,3,12,25,-10
22017,1610612737,ATL,Atlanta Hawks,1521700023,7/10/2017,ATL @ CHI,W,199,75,29,82,0.354,4,18,0.222,13,17,0.765,16,36,52,17,9,5,13,22,20
22017,1610612737,ATL,Atlanta Hawks,1521700015,7/9/2017,ATL @ NOP,W,201,84,30,71,0.423,5,17,0.294,19,28,0.679,11,23,34,14,10,2,14,16,2
22017,1610612737,ATL,Atlanta Hawks,1521700003,7/7/2017,ATL vs. BKN,L,200,72,26,67,0.388,2,13,0.154,18,26,0.692,10,33,43,6,7,1,22,28,-3
22018,1610612737,ATL,Atlanta Hawks,21800865,2/14/2019,ATL vs. NYK,L,240,91,33,91,0.363,10,38,0.263,15,19,0.789,10,31,41,19,8,4,12,24,-15
22018,1610612737,ATL,Atlanta Hawks,21800848,2/12/2019,ATL vs. LAL,W,239,117,40,92,0.435,16,42,0.381,21,26,0.808,6,41,47,29,8,6,20,24,4
22018,1610612737,ATL,Atlanta Hawks,21800837,2/10/2019,ATL vs. ORL,L,239,108,37,80,0.463,13,32,0.406,21,25,0.84,5,28,33,27,5,6,11,21,-16
22018,1610612737,ATL,Atlanta Hawks,21800827,2/9/2019,ATL vs. CHA,L,240,120,46,86,0.535,14,33,0.424,14,19,0.737,10,26,36,26,10,3,18,18,-9
22018,1610612737,ATL,Atlanta Hawks,21800813,2/7/2019,ATL vs. TOR,L,239,101,36,80,0.45,16,35,0.457,13,25,0.52,8,34,42,25,5,3,17,25,-18
22018,1610612737,ATL,Atlanta Hawks,21800791,2/4/2019,ATL @ WAS,W,240,137,46,91,0.505,20,40,0.5,25,29,0.862,14,36,50,29,7,2,12,22,8
22018,1610612737,ATL,Atlanta Hawks,21800784,2/2/2019,ATL @ PHX,W,241,118,43,84,0.512,14,32,0.438,18,26,0.692,16,37,53,21,6,5,24,18,6
22018,1610612737,ATL,Atlanta Hawks,21800773,2/1/2019,ATL @ UTA,L,241,112,39,98,0.398,14,46,0.304,20,24,0.833,8,32,40,23,11,4,11,27,-16
22018,1610612737,ATL,Atlanta Hawks,21800762,1/30/2019,ATL @ SAC,L,239,113,38,86,0.442,16,46,0.348,21,25,0.84,9,27,36,24,7,3,20,19,-22
22018,1610612737,ATL,Atlanta Hawks,21800748,1/28/2019,ATL @ LAC,W,239,123,44,87,0.506,10,34,0.294,25,29,0.862,15,29,44,28,7,6,17,25,5
22018,1610612737,ATL,Atlanta Hawks,21800734,1/26/2019,ATL @ POR,L,241,111,42,92,0.457,12,33,0.364,15,20,0.75,9,27,36,24,9,7,10,27,-9
22018,1610612737,ATL,Atlanta Hawks,21800712,1/23/2019,ATL @ CHI,W,242,121,45,90,0.5,15,40,0.375,16,21,0.762,16,35,51,31,11,2,17,20,20
22018,1610612737,ATL,Atlanta Hawks,21800695,1/21/2019,ATL vs. ORL,L,241,103,39,86,0.453,9,30,0.3,16,23,0.696,9,35,44,23,5,3,13,24,-19
22018,1610612737,ATL,Atlanta Hawks,21800683,1/19/2019,ATL vs. BOS,L,240,105,40,92,0.435,12,41,0.293,13,14,0.929,13,36,49,28,8,6,20,20,-8
22018,1610612737,ATL,Atlanta Hawks,21800653,1/15/2019,ATL vs. OKC,W,240,142,56,90,0.622,18,37,0.486,12,16,0.75,10,34,44,36,8,4,18,28,16
22018,1610612737,ATL,Atlanta Hawks,21800640,1/13/2019,ATL vs. MIL,L,240,114,39,96,0.406,12,38,0.316,24,30,0.8,18,36,54,19,3,5,24,30,-19
22018,1610612737,ATL,Atlanta Hawks,21800621,1/11/2019,ATL @ PHI,W,240,123,45,81,0.556,12,25,0.48,21,27,0.778,15,29,44,27,7,4,21,24,2
22018,1610612737,ATL,Atlanta Hawks,21800609,1/9/2019,ATL @ BKN,L,240,100,36,99,0.364,6,35,0.171,22,25,0.88,18,34,52,17,8,6,19,24,-16
22018,1610612737,ATL,Atlanta Hawks,21800602,1/8/2019,ATL @ TOR,L,241,101,40,87,0.46,10,27,0.37,11,16,0.688,13,37,50,22,12,2,26,22,-3
22018,1610612737,ATL,Atlanta Hawks,21800587,1/6/2019,ATL vs. MIA,W,240,106,43,91,0.473,10,24,0.417,10,13,0.769,14,45,59,25,7,2,17,22,24
22018,1610612737,ATL,Atlanta Hawks,21800572,1/4/2019,ATL @ MIL,L,241,112,37,85,0.435,14,41,0.341,24,35,0.686,5,26,31,26,11,3,21,23,-32
22018,1610612737,ATL,Atlanta Hawks,21800556,1/2/2019,ATL @ WAS,L,240,98,40,95,0.421,10,31,0.323,8,13,0.615,13,37,50,26,5,6,14,19,-16
22018,1610612737,ATL,Atlanta Hawks,21800542,12/31/2018,ATL @ IND,L,240,108,41,95,0.432,13,32,0.406,13,19,0.684,21,32,53,24,8,5,17,23,-8
22018,1610612737,ATL,Atlanta Hawks,21800529,12/29/2018,ATL vs. CLE,W,240,111,43,98,0.439,10,37,0.27,15,25,0.6,17,36,53,27,7,4,13,25,3
22018,1610612737,ATL,Atlanta Hawks,21800522,12/28/2018,ATL @ MIN,W,265,123,47,100,0.47,16,35,0.457,13,20,0.65,17,41,58,32,10,6,23,33,3
22018,1610612737,ATL,Atlanta Hawks,21800504,12/26/2018,ATL vs. IND,L,239,121,45,89,0.506,17,36,0.472,14,18,0.778,11,30,41,33,8,6,19,24,-8
22018,1610612737,ATL,Atlanta Hawks,21800486,12/23/2018,ATL @ DET,W,240,98,36,91,0.396,6,23,0.261,20,25,0.8,15,39,54,24,9,9,16,25,3
22018,1610612737,ATL,Atlanta Hawks,21800472,12/21/2018,ATL @ NYK,W,241,114,43,91,0.473,10,29,0.345,18,24,0.75,15,39,54,29,4,1,16,18,7
22018,1610612737,ATL,Atlanta Hawks,21800452,12/18/2018,ATL vs. WAS,W,240,118,37,79,0.468,12,32,0.375,32,39,0.821,13,36,49,23,4,5,23,29,8
22018,1610612737,ATL,Atlanta Hawks,21800436,12/16/2018,ATL @ BKN,L,241,127,47,85,0.553,14,29,0.483,19,25,0.76,8,25,33,38,9,5,14,22,-17
22018,1610612737,ATL,Atlanta Hawks,21800420,12/14/2018,ATL @ BOS,L,240,108,36,86,0.419,16,38,0.421,20,32,0.625,16,28,44,27,10,5,24,19,-21
22018,1610612737,ATL,Atlanta Hawks,21800412,12/12/2018,ATL @ DAL,L,240,107,43,93,0.462,11,33,0.333,10,14,0.714,16,28,44,21,7,2,21,30,-7
22018,1610612737,ATL,Atlanta Hawks,21800380,12/8/2018,ATL vs. DEN,W,240,106,40,93,0.43,15,42,0.357,11,16,0.688,9,42,51,33,9,11,18,23,8
22018,1610612737,ATL,Atlanta Hawks,21800357,12/5/2018,ATL vs. WAS,L,240,117,41,92,0.446,12,38,0.316,23,31,0.742,8,35,43,28,13,4,17,27,-14
22018,1610612737,ATL,Atlanta Hawks,21800344,12/3/2018,ATL vs. GSW,L,240,111,44,90,0.489,5,26,0.192,18,24,0.75,9,26,35,23,10,4,18,21,-17
22018,1610612737,ATL,Atlanta Hawks,21800325,11/30/2018,ATL @ OKC,L,239,109,43,96,0.448,11,36,0.306,12,20,0.6,14,28,42,26,15,3,21,12,-15
22018,1610612737,ATL,Atlanta Hawks,21800306,11/28/2018,ATL @ CHA,L,240,94,32,93,0.344,11,44,0.25,19,22,0.864,16,38,54,20,11,8,19,25,-14
22018,1610612737,ATL,Atlanta Hawks,21800302,11/27/2018,ATL @ MIA,W,239,115,38,80,0.475,12,31,0.387,27,32,0.844,10,36,46,22,13,7,24,24,2
22018,1610612737,ATL,Atlanta Hawks,21800288,11/25/2018,ATL vs. CHA,W,238,124,50,94,0.532,16,39,0.41,8,11,0.727,9,32,41,34,5,9,15,23,1
22018,1610612737,ATL,Atlanta Hawks,21800268,11/23/2018,ATL vs. BOS,L,239,96,35,81,0.432,6,35,0.171,20,29,0.69,5,35,40,22,9,7,20,26,-18
22018,1610612737,ATL,Atlanta Hawks,21800254,11/21/2018,ATL vs. TOR,L,238,108,42,93,0.452,10,36,0.278,14,18,0.778,9,25,34,24,10,7,9,21,-16
22018,1610612737,ATL,Atlanta Hawks,21800243,11/19/2018,ATL vs. LAC,L,242,119,45,101,0.446,12,38,0.316,17,19,0.895,16,35,51,29,6,6,14,38,-8
22018,1610612737,ATL,Atlanta Hawks,21800226,11/17/2018,ATL @ IND,L,239,89,31,87,0.356,8,29,0.276,19,27,0.704,5,36,41,20,15,6,18,24,-8
22018,1610612737,ATL,Atlanta Hawks,21800214,11/15/2018,ATL @ DEN,L,240,93,32,92,0.348,9,42,0.214,20,27,0.741,15,28,43,20,7,5,19,22,-45
22018,1610612737,ATL,Atlanta Hawks,21800201,11/13/2018,ATL @ GSW,L,241,103,40,89,0.449,12,32,0.375,11,15,0.733,10,32,42,25,9,2,14,18,-7
22018,1610612737,ATL,Atlanta Hawks,21800189,11/11/2018,ATL @ LAL,L,240,106,41,95,0.432,13,37,0.351,11,13,0.846,10,34,44,25,11,4,17,23,-1
22018,1610612737,ATL,Atlanta Hawks,21800169,11/9/2018,ATL vs. DET,L,240,109,36,79,0.456,7,28,0.25,30,40,0.75,9,44,53,17,6,2,16,21,-15
22018,1610612737,ATL,Atlanta Hawks,21800155,11/7/2018,ATL vs. NYK,L,240,107,37,92,0.402,11,38,0.289,22,29,0.759,15,30,45,26,5,9,17,30,-5
22018,1610612737,ATL,Atlanta Hawks,21800149,11/6/2018,ATL @ CHA,L,239,102,41,85,0.482,6,30,0.2,14,18,0.778,7,30,37,22,13,9,22,18,-11
22018,1610612737,ATL,Atlanta Hawks,21800128,11/3/2018,ATL vs. MIA,W,239,123,46,88,0.523,13,32,0.406,18,23,0.783,8,29,37,33,11,7,16,21,5
22018,1610612737,ATL,Atlanta Hawks,21800114,11/1/2018,ATL vs. SAC,L,239,115,42,87,0.483,8,31,0.258,23,34,0.676,10,33,43,26,6,6,22,28,-31
22018,1610612737,ATL,Atlanta Hawks,21800097,10/30/2018,ATL @ CLE,L,240,114,44,82,0.537,15,35,0.429,11,17,0.647,6,33,39,25,6,8,22,29,-22
22018,1610612737,ATL,Atlanta Hawks,21800088,10/29/2018,ATL @ PHI,L,240,92,35,94,0.372,8,37,0.216,14,21,0.667,10,37,47,20,10,3,13,18,-21
22018,1610612737,ATL,Atlanta Hawks,21800076,10/27/2018,ATL vs. CHI,L,241,85,27,84,0.321,12,40,0.3,19,23,0.826,11,37,48,20,9,8,22,13,-12
22018,1610612737,ATL,Atlanta Hawks,21800052,10/24/2018,ATL vs. DAL,W,241,111,37,91,0.407,15,38,0.395,22,31,0.71,10,44,54,28,6,6,15,26,7
22018,1610612737,ATL,Atlanta Hawks,21800036,10/21/2018,ATL @ CLE,W,240,133,48,98,0.49,22,47,0.468,15,19,0.789,9,35,44,32,9,7,12,21,22
22018,1610612737,ATL,Atlanta Hawks,21800020,10/19/2018,ATL @ MEM,L,238,117,41,83,0.494,14,30,0.467,21,36,0.583,11,29,40,27,9,5,19,31,-14
22018,1610612737,ATL,Atlanta Hawks,21800007,10/17/2018,ATL @ NYK,L,239,107,41,90,0.456,10,36,0.278,15,18,0.833,7,38,45,19,7,3,24,30,-19
12018,1610612737,ATL,Atlanta Hawks,11800073,10/12/2018,ATL @ MIA,L,240,113,42,93,0.452,13,40,0.325,16,17,0.941,10,38,48,23,10,6,24,37,-6
12018,1610612737,ATL,Atlanta Hawks,11800061,10/10/2018,ATL vs. SAS,W,239,130,49,84,0.583,14,34,0.412,18,25,0.72,9,29,38,25,8,5,14,23,3
12018,1610612737,ATL,Atlanta Hawks,11800043,10/7/2018,ATL @ OKC,L,242,94,30,79,0.38,12,39,0.308,22,32,0.688,10,28,38,18,10,4,26,33,-19
12018,1610612737,ATL,Atlanta Hawks,11800033,10/5/2018,ATL @ MEM,L,239,110,37,84,0.44,16,43,0.372,20,32,0.625,10,36,46,22,14,4,24,36,-10
12018,1610612737,ATL,Atlanta Hawks,11800014,10/1/2018,ATL vs. NOP,W,239,116,48,105,0.457,8,33,0.242,12,18,0.667,10,44,54,32,7,12,16,28,14
22018,1610612737,ATL,Atlanta Hawks,1521800069,7/13/2018,ATL @ LAC,W,200,97,35,77,0.455,8,20,0.4,19,25,0.76,19,27,46,11,6,7,17,15,2
22018,1610612737,ATL,Atlanta Hawks,1521800061,7/12/2018,ATL @ POR,L,200,69,24,72,0.333,9,26,0.346,12,14,0.857,4,28,32,14,9,4,17,11,-21.8
22018,1610612737,ATL,Atlanta Hawks,1521800051,7/11/2018,ATL @ IND,W,200,107,40,73,0.548,11,28,0.393,16,22,0.727,7,38,45,20,10,4,21,18,-7.6
22018,1610612737,ATL,Atlanta Hawks,1521800043,7/10/2018,ATL @ CHI,W,199,101,36,80,0.45,14,35,0.4,15,23,0.652,11,27,38,15,7,1,9,25,6
22018,1610612737,ATL,Atlanta Hawks,1521800024,7/8/2018,ATL vs. POR,L,198,68,28,84,0.333,4,28,0.143,8,13,0.615,9,34,43,18,11,7,15,17,-17
22018,1610612737,ATL,Atlanta Hawks,1521800014,7/7/2018,ATL vs. NYK,L,200,89,32,84,0.381,12,40,0.3,13,22,0.591,16,35,51,22,7,5,16,29,-6
22018,1610612737,ATL,Atlanta Hawks,1621800006,7/5/2018,ATL @ UTA,L,201,87,30,86,0.349,10,34,0.294,17,26,0.654,15,33,48,16,11,5,17,25,2.2
22018,1610612737,ATL,Atlanta Hawks,1621800003,7/3/2018,ATL vs. SAS,L,200,81,31,90,0.344,7,33,0.212,12,22,0.545,14,29,43,12,9,2,12,25,-26.2
22018,1610612737,ATL,Atlanta Hawks,1621800001,7/2/2018,ATL @ MEM,L,197,88,31,82,0.378,9,40,0.225,17,22,0.773,15,25,40,15,9,4,12,20,-15
