SEASON_ID,TEAM_ID,TEAM_ABBREVIATION,TEAM_NAME,GAME_ID,GAME_DATE,MATCHUP,WL,MIN,PTS,FGM,FGA,FG_PCT,FG3M,FG3A,FG3_PCT,FTM,FTA,FT_PCT,OREB,DREB,REB,AST,STL,BLK,TOV,PF,PLUS_MINUS,NUM_WINS,NUM_LOSSES
22015,1610612738,BOS,Boston Celtics,1621500002,2015-07-06,BOS @ UTA,L,201,82,29,71,0.408,6,25,0.24,18,23,0.7829999999999999,6,25,31,17,10,4,10,31,-18.0,0.0,1.0
22015,1610612738,BOS,Boston Celtics,1621500003,2015-07-07,BOS @ PHI,L,202,62,19,71,0.268,3,29,0.103,21,30,0.7,10,25,35,5,9,7,9,17,-13.4,0.0,2.0
22015,1610612738,BOS,Boston Celtics,1621500005,2015-07-09,BOS @ SAS,W,202,85,29,65,0.446,12,20,0.6,15,17,0.882,5,29,34,21,7,2,10,12,14.0,1.0,2.0
22015,1610612738,BOS,Boston Celtics,1521500011,2015-07-11,BOS @ POR,W,199,85,24,68,0.353,7,27,0.259,30,37,0.8109999999999999,15,24,39,8,8,5,11,23,9.0,2.0,2.0
22015,1610612738,BOS,Boston Celtics,1521500022,2015-07-12,BOS vs. PHI,W,199,85,25,69,0.362,8,23,0.348,27,32,0.8440000000000001,10,35,45,13,10,7,13,19,9.0,3.0,2.0
22015,1610612738,BOS,Boston Celtics,1521500035,2015-07-14,BOS vs. MIA,W,200,101,31,69,0.449,12,26,0.462,27,33,0.818,10,29,39,18,11,4,10,18,32.0,4.0,2.0
22015,1610612738,BOS,Boston Celtics,1521500052,2015-07-16,BOS vs. POR,W,201,91,29,73,0.397,9,24,0.375,24,28,0.857,7,25,32,15,7,4,8,16,6.0,5.0,2.0
22015,1610612738,BOS,Boston Celtics,1521500061,2015-07-18,BOS vs. SAS,L,200,93,33,77,0.429,8,28,0.28600000000000003,19,28,0.679,9,25,34,17,6,7,8,20,-2.0,5.0,3.0
12015,1610612738,BOS,Boston Celtics,11500016,2015-10-06,BOS @ MLN,W,240,124,46,82,0.561,8,21,0.381,24,29,0.828,8,33,41,31,15,3,14,19,33.0,6.0,3.0
12015,1610612738,BOS,Boston Celtics,11500030,2015-10-08,BOS @ RMD,W,239,111,41,96,0.4270000000000001,8,23,0.348,21,28,0.75,14,37,51,26,15,4,15,30,15.0,7.0,3.0
12015,1610612738,BOS,Boston Celtics,11500059,2015-10-14,BOS @ BKN,W,239,109,40,85,0.471,13,26,0.5,16,22,0.727,7,33,40,28,12,9,14,26,4.0,8.0,3.0
12015,1610612738,BOS,Boston Celtics,11500067,2015-10-16,BOS @ NYK,L,239,95,33,83,0.398,8,21,0.381,21,30,0.7,11,46,57,20,4,7,18,21,-6.0,8.0,4.0
12015,1610612738,BOS,Boston Celtics,11500085,2015-10-19,BOS vs. BKN,W,240,111,41,80,0.513,10,25,0.4,19,26,0.731,12,27,39,26,9,3,23,26,6.0,9.0,4.0
12015,1610612738,BOS,Boston Celtics,11500100,2015-10-22,BOS vs. NYK,W,242,99,38,90,0.422,7,21,0.333,16,26,0.615,14,40,54,28,7,5,13,22,14.0,10.0,4.0
12015,1610612738,BOS,Boston Celtics,11500106,2015-10-23,BOS vs. PHI,W,240,81,35,100,0.35,6,28,0.214,5,12,0.417,18,49,67,20,11,9,17,24,16.0,11.0,4.0
22015,1610612738,BOS,Boston Celtics,21500005,2015-10-28,BOS vs. PHI,W,240,112,39,85,0.459,8,24,0.333,26,27,0.963,10,31,41,31,10,7,17,23,17.0,12.0,4.0
22015,1610612738,BOS,Boston Celtics,21500024,2015-10-30,BOS vs. TOR,L,240,103,32,85,0.376,7,26,0.269,32,41,0.78,7,31,38,23,14,3,17,28,-10.0,12.0,5.0
22015,1610612738,BOS,Boston Celtics,21500040,2015-11-01,BOS vs. SAS,L,241,87,35,98,0.35700000000000004,6,29,0.207,11,14,0.7859999999999999,16,29,45,21,10,5,16,23,-8.0,12.0,6.0
22015,1610612738,BOS,Boston Celtics,21500060,2015-11-04,BOS @ IND,L,240,98,35,83,0.422,10,27,0.37,18,22,0.818,15,34,49,20,7,5,19,22,-2.0,12.0,7.0
22015,1610612738,BOS,Boston Celtics,21500076,2015-11-06,BOS vs. WAS,W,242,118,44,97,0.454,12,30,0.4,18,23,0.7829999999999999,15,38,53,24,18,5,17,21,20.0,13.0,7.0
22015,1610612738,BOS,Boston Celtics,21500110,2015-11-10,BOS @ MIL,W,240,99,38,86,0.442,7,30,0.233,16,19,0.8420000000000001,14,31,45,21,11,6,12,18,16.0,14.0,7.0
22015,1610612738,BOS,Boston Celtics,21500116,2015-11-11,BOS vs. IND,L,240,91,32,77,0.416,4,24,0.16699999999999998,23,32,0.7190000000000001,8,28,36,18,10,3,18,26,-11.0,14.0,8.0
22015,1610612738,BOS,Boston Celtics,21500129,2015-11-13,BOS vs. ATL,W,240,106,42,103,0.408,11,33,0.333,11,12,0.917,17,33,50,27,10,7,10,18,13.0,15.0,8.0
22015,1610612738,BOS,Boston Celtics,21500149,2015-11-15,BOS @ OKC,W,241,100,39,82,0.476,9,23,0.391,13,20,0.65,12,35,47,25,12,7,18,26,15.0,16.0,8.0
22015,1610612738,BOS,Boston Celtics,21500154,2015-11-16,BOS @ HOU,W,240,111,44,93,0.473,11,36,0.306,12,17,0.706,16,33,49,27,16,3,19,22,16.0,17.0,8.0
22015,1610612738,BOS,Boston Celtics,21500168,2015-11-18,BOS vs. DAL,L,240,102,38,92,0.413,8,26,0.308,18,24,0.75,14,29,43,22,12,1,14,28,-4.0,17.0,9.0
22015,1610612738,BOS,Boston Celtics,21500179,2015-11-20,BOS vs. BKN,W,239,120,51,87,0.586,10,29,0.345,8,10,0.8,7,34,41,39,10,4,16,19,25.0,18.0,9.0
22015,1610612738,BOS,Boston Celtics,21500197,2015-11-22,BOS @ BKN,L,241,101,35,82,0.4270000000000001,14,37,0.378,17,21,0.81,10,25,35,19,9,2,17,28,-10.0,18.0,10.0
22015,1610612738,BOS,Boston Celtics,21500210,2015-11-24,BOS @ ATL,L,240,97,34,82,0.415,9,21,0.429,20,26,0.769,10,23,33,23,14,2,16,19,-24.0,18.0,11.0
22015,1610612738,BOS,Boston Celtics,21500217,2015-11-25,BOS vs. PHI,W,239,84,31,91,0.341,9,29,0.31,13,18,0.722,11,43,54,18,7,6,16,12,4.0,19.0,11.0
22015,1610612738,BOS,Boston Celtics,21500229,2015-11-27,BOS vs. WAS,W,240,111,42,97,0.433,12,33,0.364,15,19,0.789,19,39,58,28,11,7,15,15,33.0,20.0,11.0
22015,1610612738,BOS,Boston Celtics,21500249,2015-11-29,BOS @ ORL,L,240,91,36,88,0.409,5,27,0.185,14,20,0.7,9,25,34,28,7,6,11,16,-19.0,20.0,12.0
22015,1610612738,BOS,Boston Celtics,21500255,2015-11-30,BOS @ MIA,W,241,105,38,80,0.475,8,20,0.4,21,25,0.84,12,28,40,23,15,3,15,21,10.0,21.0,12.0
22015,1610612738,BOS,Boston Celtics,21500282,2015-12-03,BOS @ SAC,W,241,114,40,84,0.476,14,33,0.424,20,24,0.833,6,34,40,34,14,5,16,32,17.0,22.0,12.0
22015,1610612738,BOS,Boston Celtics,21500296,2015-12-05,BOS @ SAS,L,240,105,39,86,0.453,12,29,0.414,15,22,0.682,11,28,39,22,9,3,14,22,-3.0,22.0,13.0
22015,1610612738,BOS,Boston Celtics,21500312,2015-12-07,BOS @ NOP,W,240,111,40,81,0.494,12,28,0.429,19,24,0.792,10,36,46,24,8,8,17,18,18.0,23.0,13.0
22015,1610612738,BOS,Boston Celtics,21500319,2015-12-09,BOS vs. CHI,W,240,105,38,92,0.413,5,23,0.217,24,28,0.857,13,32,45,22,10,4,12,22,5.0,24.0,13.0
22015,1610612738,BOS,Boston Celtics,21500336,2015-12-11,BOS vs. GSW,L,290,119,49,114,0.43,12,33,0.364,9,16,0.563,11,40,51,32,7,9,15,30,-5.0,24.0,14.0
22015,1610612738,BOS,Boston Celtics,21500345,2015-12-12,BOS @ CHA,W,240,98,40,96,0.417,9,25,0.36,9,10,0.9,3,39,42,26,5,5,5,13,5.0,25.0,14.0
22015,1610612738,BOS,Boston Celtics,21500367,2015-12-15,BOS vs. CLE,L,240,77,28,87,0.322,9,32,0.281,12,14,0.857,12,29,41,18,6,6,10,11,-12.0,25.0,15.0
22015,1610612738,BOS,Boston Celtics,21500374,2015-12-16,BOS @ DET,L,241,116,43,89,0.483,10,25,0.4,20,24,0.833,10,34,44,17,4,2,18,35,-3.0,25.0,16.0
22015,1610612738,BOS,Boston Celtics,21500389,2015-12-18,BOS vs. ATL,L,240,101,34,77,0.442,10,23,0.435,23,31,0.742,6,37,43,19,5,2,21,25,-8.0,25.0,17.0
22015,1610612738,BOS,Boston Celtics,21500411,2015-12-21,BOS vs. MIN,W,239,113,46,89,0.517,12,25,0.48,9,16,0.563,12,38,50,34,6,9,16,22,14.0,26.0,17.0
22015,1610612738,BOS,Boston Celtics,21500423,2015-12-23,BOS @ CHA,W,240,102,36,85,0.424,7,29,0.241,23,26,0.885,10,39,49,25,9,4,13,23,13.0,27.0,17.0
22015,1610612738,BOS,Boston Celtics,21500446,2015-12-26,BOS @ DET,W,239,99,39,84,0.464,4,23,0.174,17,23,0.7390000000000001,11,36,47,20,6,1,14,24,6.0,28.0,17.0
22015,1610612738,BOS,Boston Celtics,21500454,2015-12-27,BOS vs. NYK,W,239,100,36,85,0.424,8,20,0.4,20,29,0.69,12,39,51,18,5,4,10,24,9.0,29.0,17.0
22015,1610612738,BOS,Boston Celtics,21500476,2015-12-30,BOS vs. LAL,L,240,104,38,88,0.4320000000000001,7,27,0.259,21,25,0.84,9,36,45,23,7,5,10,20,-8.0,29.0,18.0
22015,1610612738,BOS,Boston Celtics,21500495,2016-01-02,BOS vs. BKN,L,239,97,34,88,0.386,7,32,0.219,22,28,0.7859999999999999,16,35,51,17,8,4,14,24,-3.0,29.0,19.0
22015,1610612738,BOS,Boston Celtics,21500513,2016-01-04,BOS @ BKN,W,242,103,41,92,0.446,6,21,0.28600000000000003,15,19,0.789,12,36,48,22,10,5,7,21,9.0,30.0,19.0
22015,1610612738,BOS,Boston Celtics,21500528,2016-01-06,BOS vs. DET,L,240,94,34,91,0.374,6,28,0.214,20,27,0.741,13,26,39,23,5,5,10,28,-5.0,30.0,20.0
22015,1610612738,BOS,Boston Celtics,21500537,2016-01-07,BOS @ CHI,L,240,92,35,98,0.35700000000000004,5,25,0.2,17,22,0.773,15,36,51,17,11,3,11,19,-9.0,30.0,21.0
22015,1610612738,BOS,Boston Celtics,21500560,2016-01-10,BOS @ MEM,L,241,98,37,88,0.42,7,22,0.318,17,23,0.7390000000000001,11,28,39,22,17,4,16,28,-3.0,30.0,22.0
22015,1610612738,BOS,Boston Celtics,21500571,2016-01-12,BOS @ NYK,L,241,114,42,86,0.488,9,29,0.31,21,26,0.8079999999999999,7,35,42,25,5,4,9,20,-6.0,30.0,23.0
22015,1610612738,BOS,Boston Celtics,21500580,2016-01-13,BOS vs. IND,W,240,103,40,90,0.444,9,26,0.34600000000000003,14,20,0.7,14,35,49,24,7,2,19,18,9.0,31.0,23.0
22015,1610612738,BOS,Boston Celtics,21500595,2016-01-15,BOS vs. PHX,W,241,117,42,96,0.438,14,30,0.467,19,29,0.655,17,39,56,30,12,5,12,19,14.0,32.0,23.0
22015,1610612738,BOS,Boston Celtics,21500604,2016-01-16,BOS @ WAS,W,242,119,39,88,0.443,9,29,0.31,32,36,0.889,17,30,47,27,7,3,16,25,2.0,33.0,23.0
22015,1610612738,BOS,Boston Celtics,21500623,2016-01-18,BOS @ DAL,L,267,113,40,94,0.426,12,30,0.4,21,26,0.8079999999999999,13,36,49,24,9,3,12,30,-5.0,33.0,24.0
22015,1610612738,BOS,Boston Celtics,21500633,2016-01-20,BOS @ TOR,L,240,109,43,85,0.506,12,26,0.462,11,15,0.733,8,25,33,30,8,1,14,19,-6.0,33.0,25.0
22015,1610612738,BOS,Boston Celtics,21500646,2016-01-22,BOS vs. CHI,W,240,110,43,96,0.448,8,23,0.348,16,21,0.762,16,30,46,26,14,6,12,22,9.0,34.0,25.0
22015,1610612738,BOS,Boston Celtics,21500656,2016-01-24,BOS @ PHI,W,239,112,43,97,0.443,11,25,0.44,15,19,0.789,15,36,51,29,14,2,16,17,20.0,35.0,25.0
22015,1610612738,BOS,Boston Celtics,21500668,2016-01-25,BOS @ WAS,W,239,116,44,90,0.489,9,22,0.409,19,23,0.826,7,36,43,31,12,1,10,23,25.0,36.0,25.0
22015,1610612738,BOS,Boston Celtics,21500685,2016-01-27,BOS vs. DEN,W,241,111,41,96,0.4270000000000001,9,28,0.321,20,24,0.833,14,34,48,29,15,5,11,24,8.0,37.0,25.0
22015,1610612738,BOS,Boston Celtics,21500698,2016-01-29,BOS vs. ORL,W,239,113,43,86,0.5,10,24,0.417,17,21,0.81,8,38,46,28,8,6,12,20,19.0,38.0,25.0
22015,1610612738,BOS,Boston Celtics,21500716,2016-01-31,BOS @ ORL,L,240,114,39,93,0.419,16,46,0.348,20,25,0.8,13,28,41,17,9,2,10,22,-5.0,38.0,26.0
22015,1610612738,BOS,Boston Celtics,21500730,2016-02-02,BOS @ NYK,W,241,97,40,90,0.444,3,19,0.158,14,17,0.8240000000000001,12,33,45,20,9,2,10,24,8.0,39.0,26.0
22015,1610612738,BOS,Boston Celtics,21500737,2016-02-03,BOS vs. DET,W,239,102,42,96,0.438,7,21,0.333,11,13,0.846,6,43,49,28,8,7,10,24,7.0,40.0,26.0
22015,1610612738,BOS,Boston Celtics,21500755,2016-02-05,BOS @ CLE,W,240,104,38,88,0.4320000000000001,7,20,0.35,21,25,0.84,11,38,49,21,6,5,15,27,1.0,41.0,26.0
22015,1610612738,BOS,Boston Celtics,21500773,2016-02-07,BOS vs. SAC,W,240,128,51,91,0.56,13,24,0.542,13,15,0.867,12,37,49,34,9,5,24,19,9.0,42.0,26.0
22015,1610612738,BOS,Boston Celtics,21500786,2016-02-09,BOS @ MIL,L,240,111,39,84,0.464,10,29,0.345,23,24,0.958,13,31,44,28,11,2,18,23,-1.0,42.0,27.0
22015,1610612738,BOS,Boston Celtics,21500792,2016-02-10,BOS vs. LAC,W,266,139,47,95,0.495,13,33,0.394,32,37,0.865,8,35,43,34,5,2,10,33,5.0,43.0,27.0
22015,1610612738,BOS,Boston Celtics,21500817,2016-02-19,BOS @ UTA,L,240,93,30,81,0.37,7,25,0.28,26,36,0.722,8,26,34,18,8,3,7,31,-18.0,43.0,28.0
22015,1610612738,BOS,Boston Celtics,21500825,2016-02-21,BOS @ DEN,W,241,121,47,97,0.485,10,32,0.313,17,20,0.85,15,33,48,32,11,2,17,25,20.0,44.0,28.0
22015,1610612738,BOS,Boston Celtics,21500838,2016-02-22,BOS @ MIN,L,240,122,49,101,0.485,10,28,0.35700000000000004,14,17,0.8240000000000001,10,28,38,33,13,2,11,27,-2.0,44.0,29.0
22015,1610612738,BOS,Boston Celtics,21500856,2016-02-25,BOS vs. MIL,W,240,112,41,84,0.488,5,23,0.217,25,33,0.758,9,33,42,21,9,3,16,21,5.0,45.0,29.0
22015,1610612738,BOS,Boston Celtics,21500869,2016-02-27,BOS vs. MIA,W,240,101,39,96,0.406,5,16,0.313,18,22,0.818,12,36,48,26,12,6,11,19,12.0,46.0,29.0
22015,1610612738,BOS,Boston Celtics,21500886,2016-02-29,BOS vs. UTA,W,239,100,37,84,0.44,6,18,0.333,20,29,0.69,11,36,47,27,6,13,9,18,5.0,47.0,29.0
22015,1610612738,BOS,Boston Celtics,21500899,2016-03-02,BOS vs. POR,W,241,116,43,107,0.402,7,26,0.269,23,24,0.958,19,38,57,20,9,8,5,16,23.0,48.0,29.0
22015,1610612738,BOS,Boston Celtics,21500915,2016-03-04,BOS vs. NYK,W,240,105,41,90,0.456,4,20,0.2,19,25,0.76,13,38,51,20,8,2,8,14,1.0,49.0,29.0
22015,1610612738,BOS,Boston Celtics,21500922,2016-03-05,BOS @ CLE,L,239,103,37,80,0.463,10,23,0.435,19,27,0.7040000000000001,10,27,37,17,8,1,14,22,-17.0,49.0,30.0
22015,1610612738,BOS,Boston Celtics,21500953,2016-03-09,BOS vs. MEM,W,241,116,41,87,0.471,15,32,0.469,19,24,0.792,7,31,38,26,9,7,13,27,20.0,50.0,30.0
22015,1610612738,BOS,Boston Celtics,21500965,2016-03-11,BOS vs. HOU,L,240,98,34,91,0.374,8,31,0.258,22,28,0.7859999999999999,14,31,45,24,14,3,14,17,-4.0,50.0,31.0
22015,1610612738,BOS,Boston Celtics,21500997,2016-03-15,BOS @ IND,L,241,98,36,94,0.383,8,31,0.258,18,22,0.818,17,33,50,23,6,3,13,21,-5.0,50.0,32.0
22015,1610612738,BOS,Boston Celtics,21501003,2016-03-16,BOS vs. OKC,L,241,109,40,93,0.43,5,19,0.263,24,27,0.889,16,26,42,17,4,4,11,22,-21.0,50.0,33.0
22015,1610612738,BOS,Boston Celtics,21501023,2016-03-18,BOS @ TOR,L,242,91,36,82,0.439,9,21,0.429,10,12,0.833,7,30,37,18,8,3,15,18,-14.0,50.0,34.0
22015,1610612738,BOS,Boston Celtics,21501039,2016-03-20,BOS @ PHI,W,239,120,46,94,0.489,10,25,0.4,18,21,0.857,14,39,53,28,8,3,13,24,15.0,51.0,34.0
22015,1610612738,BOS,Boston Celtics,21501046,2016-03-21,BOS vs. ORL,W,239,107,40,85,0.471,7,22,0.318,20,24,0.833,9,37,46,22,8,6,14,16,11.0,52.0,34.0
22015,1610612738,BOS,Boston Celtics,21501057,2016-03-23,BOS vs. TOR,W,240,91,35,80,0.438,8,20,0.4,13,21,0.619,7,41,48,24,5,5,8,18,12.0,53.0,34.0
22015,1610612738,BOS,Boston Celtics,21501090,2016-03-26,BOS @ PHX,W,240,102,35,84,0.417,8,29,0.276,24,27,0.889,17,32,49,14,7,3,19,23,3.0,54.0,34.0
22015,1610612738,BOS,Boston Celtics,21501106,2016-03-28,BOS @ LAC,L,240,90,31,89,0.348,7,19,0.368,21,27,0.778,18,31,49,14,7,4,16,17,-24.0,54.0,35.0
22015,1610612738,BOS,Boston Celtics,21501127,2016-03-31,BOS @ POR,L,240,109,37,88,0.42,9,24,0.375,26,34,0.765,16,32,48,20,12,6,15,25,-7.0,54.0,36.0
22015,1610612738,BOS,Boston Celtics,21501136,2016-04-01,BOS @ GSW,W,240,109,41,87,0.471,8,23,0.348,19,30,0.633,11,33,44,28,10,1,14,14,3.0,55.0,36.0
22015,1610612738,BOS,Boston Celtics,21501153,2016-04-03,BOS @ LAL,W,240,107,41,91,0.451,8,30,0.267,17,22,0.773,9,41,50,30,8,1,12,25,7.0,56.0,36.0
22015,1610612738,BOS,Boston Celtics,21501168,2016-04-06,BOS vs. NOP,W,240,104,36,87,0.414,10,34,0.294,22,27,0.815,8,33,41,24,10,7,9,20,7.0,57.0,36.0
22015,1610612738,BOS,Boston Celtics,21501181,2016-04-08,BOS vs. MIL,W,239,124,44,78,0.564,6,14,0.429,30,38,0.789,4,30,34,35,6,9,14,23,15.0,58.0,36.0
22015,1610612738,BOS,Boston Celtics,21501188,2016-04-09,BOS @ ATL,L,241,107,40,90,0.444,11,28,0.393,16,24,0.667,10,30,40,26,10,6,15,21,-11.0,58.0,37.0
22015,1610612738,BOS,Boston Celtics,21501205,2016-04-11,BOS vs. CHA,L,240,100,34,89,0.382,8,24,0.333,24,29,0.828,13,33,46,17,6,1,12,17,-14.0,58.0,38.0
22015,1610612738,BOS,Boston Celtics,21501217,2016-04-13,BOS vs. MIA,W,240,98,37,86,0.43,5,14,0.35700000000000004,19,22,0.8640000000000001,10,29,39,20,7,3,7,20,10.0,59.0,38.0
42015,1610612738,BOS,Boston Celtics,41500131,2016-04-16,BOS @ ATL,L,239,101,37,102,0.363,11,35,0.314,16,19,0.8420000000000001,15,35,50,27,6,6,10,32,-1.0,59.0,39.0
42015,1610612738,BOS,Boston Celtics,41500132,2016-04-19,BOS @ ATL,L,239,72,28,88,0.318,5,28,0.179,11,12,0.917,10,33,43,16,5,10,14,15,-17.0,59.0,40.0
42015,1610612738,BOS,Boston Celtics,41500133,2016-04-22,BOS vs. ATL,W,240,111,38,82,0.463,11,32,0.344,24,33,0.727,7,37,44,23,10,6,15,20,8.0,60.0,40.0
42015,1610612738,BOS,Boston Celtics,41500134,2016-04-24,BOS vs. ATL,W,266,104,40,94,0.426,11,33,0.333,13,19,0.684,12,40,52,25,7,7,14,19,9.0,61.0,40.0
42015,1610612738,BOS,Boston Celtics,41500135,2016-04-26,BOS @ ATL,L,242,83,29,77,0.377,7,29,0.241,18,25,0.72,10,34,44,19,5,6,20,17,-27.0,61.0,41.0
42015,1610612738,BOS,Boston Celtics,41500136,2016-04-28,BOS vs. ATL,L,241,92,34,94,0.362,7,32,0.219,17,18,0.944,10,33,43,16,5,4,12,29,-12.0,61.0,42.0
22016,1610612738,BOS,Boston Celtics,1621600001,2016-07-04,BOS @ PHI,W,200,102,31,70,0.443,11,22,0.5,29,39,0.7440000000000001,11,29,40,12,5,3,12,32,8.0,1.0,0.0
22016,1610612738,BOS,Boston Celtics,1621600004,2016-07-05,BOS @ UTA,W,201,89,27,67,0.403,8,26,0.308,27,37,0.73,11,26,37,13,6,5,9,22,6.2,2.0,0.0
22016,1610612738,BOS,Boston Celtics,1621600005,2016-07-07,BOS @ SAS,W,200,87,30,62,0.484,10,27,0.37,17,23,0.7390000000000001,8,27,35,14,11,1,16,17,1.0,3.0,0.0
22016,1610612738,BOS,Boston Celtics,1521600008,2016-07-09,BOS @ CHI,L,201,62,22,67,0.328,8,28,0.28600000000000003,10,12,0.833,11,17,28,7,10,3,13,20,-9.0,3.0,1.0
22016,1610612738,BOS,Boston Celtics,1521600022,2016-07-10,BOS vs. PHX,L,200,74,25,71,0.35200000000000004,7,22,0.318,17,25,0.68,12,20,32,13,7,7,18,26,-13.0,3.0,2.0
22016,1610612738,BOS,Boston Celtics,1521600032,2016-07-12,BOS @ DAL,W,199,88,24,55,0.436,7,20,0.35,33,49,0.6729999999999999,7,30,37,16,12,4,18,23,6.0,4.0,2.0
22016,1610612738,BOS,Boston Celtics,1521600041,2016-07-13,BOS @ CLE,L,199,94,29,63,0.46,7,23,0.304,29,39,0.7440000000000001,12,27,39,10,5,4,15,29,-4.0,4.0,3.0
22016,1610612738,BOS,Boston Celtics,1521600055,2016-07-15,BOS vs. POR,L,200,75,30,69,0.435,5,22,0.227,10,16,0.625,5,32,37,10,13,2,20,25,-5.0,4.0,4.0
12016,1610612738,BOS,Boston Celtics,11600011,2016-10-04,BOS @ PHI,L,240,89,36,90,0.4,8,31,0.258,9,12,0.75,8,35,43,23,11,4,16,19,-3.0,4.0,5.0
12016,1610612738,BOS,Boston Celtics,11600025,2016-10-06,BOS @ CHA,W,241,107,40,88,0.455,14,32,0.438,13,19,0.684,9,40,49,21,9,3,14,24,15.0,5.0,5.0
12016,1610612738,BOS,Boston Celtics,11600029,2016-10-08,BOS vs. CHA,W,241,104,40,90,0.444,9,32,0.281,15,16,0.938,5,30,35,23,10,6,12,28,18.0,6.0,5.0
12016,1610612738,BOS,Boston Celtics,11600055,2016-10-13,BOS @ BKN,W,239,100,35,84,0.417,8,29,0.276,22,32,0.688,10,40,50,24,10,7,16,25,3.0,7.0,5.0
12016,1610612738,BOS,Boston Celtics,11600070,2016-10-15,BOS @ NYK,W,241,119,43,73,0.589,13,26,0.5,20,35,0.5710000000000001,5,24,29,25,13,3,15,18,12.0,8.0,5.0
12016,1610612738,BOS,Boston Celtics,11600078,2016-10-17,BOS vs. BKN,W,240,120,42,86,0.488,12,33,0.364,24,29,0.828,13,42,55,25,13,4,24,23,21.0,9.0,5.0
12016,1610612738,BOS,Boston Celtics,11600089,2016-10-19,BOS vs. NYK,L,238,96,35,84,0.417,7,24,0.292,19,25,0.76,13,28,41,19,3,4,23,26,-25.0,9.0,6.0
22016,1610612738,BOS,Boston Celtics,21600006,2016-10-26,BOS vs. BKN,W,240,122,48,89,0.539,11,32,0.344,15,18,0.833,12,35,47,36,13,9,19,20,5.0,10.0,6.0
22016,1610612738,BOS,Boston Celtics,21600015,2016-10-27,BOS @ CHI,L,240,99,38,76,0.5,8,23,0.348,15,24,0.625,3,33,36,22,6,6,11,25,-6.0,10.0,7.0
22016,1610612738,BOS,Boston Celtics,21600027,2016-10-29,BOS @ CHA,W,241,104,39,81,0.481,15,31,0.484,11,17,0.647,4,38,42,25,4,6,13,26,6.0,11.0,7.0
22016,1610612738,BOS,Boston Celtics,21600061,2016-11-02,BOS vs. CHI,W,242,107,41,87,0.471,14,32,0.438,11,17,0.647,10,29,39,28,10,4,12,24,7.0,12.0,7.0
22016,1610612738,BOS,Boston Celtics,21600068,2016-11-03,BOS @ CLE,L,240,122,46,96,0.479,11,32,0.344,19,22,0.8640000000000001,10,29,39,25,4,6,8,28,-6.0,12.0,8.0
22016,1610612738,BOS,Boston Celtics,21600091,2016-11-06,BOS vs. DEN,L,240,107,41,90,0.456,8,25,0.32,17,21,0.81,11,28,39,31,3,4,11,24,-16.0,12.0,9.0
22016,1610612738,BOS,Boston Celtics,21600107,2016-11-09,BOS @ WAS,L,239,93,35,81,0.4320000000000001,10,31,0.32299999999999995,13,22,0.591,7,24,31,21,5,4,11,19,-25.0,12.0,10.0
22016,1610612738,BOS,Boston Celtics,21600125,2016-11-11,BOS vs. NYK,W,240,115,35,90,0.389,11,27,0.407,34,43,0.7909999999999999,19,34,53,23,16,3,15,18,28.0,13.0,10.0
22016,1610612738,BOS,Boston Celtics,21600130,2016-11-12,BOS @ IND,W,240,105,35,80,0.438,8,25,0.32,27,33,0.818,15,32,47,22,7,7,13,21,6.0,14.0,10.0
22016,1610612738,BOS,Boston Celtics,21600148,2016-11-14,BOS @ NOP,L,238,105,38,95,0.4,12,41,0.293,17,20,0.85,11,33,44,19,9,0,10,27,-1.0,14.0,11.0
22016,1610612738,BOS,Boston Celtics,21600161,2016-11-16,BOS vs. DAL,W,241,90,33,76,0.434,7,21,0.333,17,23,0.7390000000000001,13,40,53,18,6,3,19,17,7.0,15.0,11.0
22016,1610612738,BOS,Boston Celtics,21600179,2016-11-18,BOS vs. GSW,L,240,88,31,83,0.373,11,32,0.344,15,19,0.789,7,36,43,19,6,3,13,12,-16.0,15.0,12.0
22016,1610612738,BOS,Boston Celtics,21600188,2016-11-19,BOS @ DET,W,242,94,33,82,0.402,12,31,0.387,16,17,0.941,9,37,46,22,3,7,8,13,2.0,16.0,12.0
22016,1610612738,BOS,Boston Celtics,21600205,2016-11-21,BOS @ MIN,W,241,99,38,84,0.452,12,38,0.316,11,14,0.7859999999999999,6,33,39,20,5,4,11,21,6.0,17.0,12.0
22016,1610612738,BOS,Boston Celtics,21600217,2016-11-23,BOS @ BKN,W,241,111,45,98,0.459,15,38,0.395,6,8,0.75,12,39,51,26,13,6,13,22,19.0,18.0,12.0
22016,1610612738,BOS,Boston Celtics,21600225,2016-11-25,BOS vs. SAS,L,240,103,42,91,0.462,12,34,0.353,7,9,0.778,8,28,36,32,8,4,10,21,-6.0,18.0,13.0
22016,1610612738,BOS,Boston Celtics,21600256,2016-11-28,BOS @ MIA,W,240,112,40,83,0.482,11,27,0.407,21,26,0.8079999999999999,6,34,40,26,4,3,9,27,8.0,19.0,13.0
22016,1610612738,BOS,Boston Celtics,21600267,2016-11-30,BOS vs. DET,L,241,114,40,91,0.44,15,42,0.35700000000000004,19,20,0.95,9,24,33,26,6,3,5,17,-7.0,19.0,14.0
22016,1610612738,BOS,Boston Celtics,21600283,2016-12-02,BOS vs. SAC,W,240,97,36,88,0.409,11,28,0.393,14,15,0.933,11,34,45,25,10,9,13,22,5.0,20.0,14.0
22016,1610612738,BOS,Boston Celtics,21600294,2016-12-03,BOS @ PHI,W,238,107,38,76,0.5,8,26,0.308,23,29,0.7929999999999999,6,31,37,22,5,3,10,21,1.0,21.0,14.0
22016,1610612738,BOS,Boston Celtics,21600311,2016-12-05,BOS @ HOU,L,240,106,42,99,0.424,11,32,0.344,11,12,0.917,10,32,42,27,7,4,11,20,-1.0,21.0,15.0
22016,1610612738,BOS,Boston Celtics,21600322,2016-12-07,BOS @ ORL,W,239,117,43,84,0.512,7,26,0.269,24,29,0.828,11,38,49,29,7,4,10,19,30.0,22.0,15.0
22016,1610612738,BOS,Boston Celtics,21600339,2016-12-09,BOS vs. TOR,L,240,94,31,83,0.373,17,42,0.405,15,22,0.682,8,38,46,24,5,4,13,18,-7.0,22.0,16.0
22016,1610612738,BOS,Boston Celtics,21600357,2016-12-11,BOS @ OKC,L,241,96,40,90,0.444,11,32,0.344,5,8,0.625,12,28,40,28,9,4,13,22,-3.0,22.0,17.0
22016,1610612738,BOS,Boston Celtics,21600383,2016-12-14,BOS @ SAS,L,242,101,37,84,0.44,10,31,0.32299999999999995,17,20,0.85,8,27,35,25,12,3,12,13,-7.0,22.0,18.0
22016,1610612738,BOS,Boston Celtics,21600391,2016-12-16,BOS vs. CHA,W,241,96,34,78,0.436,9,28,0.321,19,26,0.731,5,41,46,26,7,8,13,15,8.0,23.0,18.0
22016,1610612738,BOS,Boston Celtics,21600410,2016-12-18,BOS @ MIA,W,240,105,41,90,0.456,9,28,0.321,14,19,0.737,11,26,37,21,13,2,11,16,10.0,24.0,18.0
22016,1610612738,BOS,Boston Celtics,21600424,2016-12-20,BOS @ MEM,W,265,112,33,81,0.407,12,37,0.324,34,38,0.895,8,33,41,22,7,5,11,22,3.0,25.0,18.0
22016,1610612738,BOS,Boston Celtics,21600440,2016-12-22,BOS @ IND,W,240,109,38,92,0.413,10,39,0.256,23,27,0.852,9,35,44,19,10,2,10,27,7.0,26.0,18.0
22016,1610612738,BOS,Boston Celtics,21600445,2016-12-23,BOS vs. OKC,L,241,112,41,93,0.441,9,28,0.321,21,26,0.8079999999999999,10,29,39,29,8,2,12,29,-5.0,26.0,19.0
22016,1610612738,BOS,Boston Celtics,21600456,2016-12-25,BOS @ NYK,W,240,119,45,93,0.484,14,36,0.389,15,20,0.75,12,27,39,25,10,2,5,20,5.0,27.0,19.0
22016,1610612738,BOS,Boston Celtics,21600472,2016-12-27,BOS vs. MEM,W,241,113,41,85,0.482,12,31,0.387,19,21,0.905,14,33,47,30,6,7,17,24,10.0,28.0,19.0
22016,1610612738,BOS,Boston Celtics,21600488,2016-12-29,BOS @ CLE,L,241,118,43,85,0.506,12,37,0.324,20,21,0.952,6,23,29,26,15,4,11,23,-6.0,28.0,20.0
22016,1610612738,BOS,Boston Celtics,21600494,2016-12-30,BOS vs. MIA,W,241,117,38,74,0.514,17,32,0.531,24,29,0.828,5,25,30,28,6,2,13,11,3.0,29.0,20.0
22016,1610612738,BOS,Boston Celtics,21600522,2017-01-03,BOS vs. UTA,W,240,115,41,74,0.5539999999999999,17,31,0.5479999999999999,16,17,0.941,4,28,32,31,5,6,13,22,11.0,30.0,20.0
22016,1610612738,BOS,Boston Celtics,21600546,2017-01-06,BOS vs. PHI,W,241,110,35,87,0.402,19,40,0.475,21,25,0.84,12,30,42,28,6,11,17,22,4.0,31.0,20.0
22016,1610612738,BOS,Boston Celtics,21600553,2017-01-07,BOS vs. NOP,W,240,117,40,93,0.43,18,36,0.5,19,21,0.905,15,32,47,26,6,5,10,22,9.0,32.0,20.0
22016,1610612738,BOS,Boston Celtics,21600572,2017-01-10,BOS @ TOR,L,241,106,40,85,0.471,9,27,0.333,17,20,0.85,6,27,33,21,7,3,14,20,-8.0,32.0,21.0
22016,1610612738,BOS,Boston Celtics,21600583,2017-01-11,BOS vs. WAS,W,239,117,43,85,0.506,17,41,0.415,14,18,0.778,10,35,45,20,5,7,14,10,9.0,33.0,21.0
22016,1610612738,BOS,Boston Celtics,21600597,2017-01-13,BOS @ ATL,W,239,103,36,83,0.434,17,44,0.386,14,19,0.737,9,34,43,22,7,3,12,16,2.0,34.0,21.0
22016,1610612738,BOS,Boston Celtics,21600618,2017-01-16,BOS vs. CHA,W,240,108,42,84,0.5,15,39,0.385,9,10,0.9,8,36,44,29,6,3,12,11,10.0,35.0,21.0
22016,1610612738,BOS,Boston Celtics,21600630,2017-01-18,BOS vs. NYK,L,241,106,35,91,0.385,9,33,0.273,27,29,0.931,9,24,33,25,8,8,3,15,-11.0,35.0,22.0
22016,1610612738,BOS,Boston Celtics,21600650,2017-01-21,BOS vs. POR,L,265,123,42,92,0.457,13,35,0.371,26,31,0.8390000000000001,14,33,47,26,6,2,21,29,-4.0,35.0,23.0
22016,1610612738,BOS,Boston Celtics,21600676,2017-01-24,BOS @ WAS,L,240,108,38,84,0.452,10,33,0.303,22,24,0.917,8,24,32,24,10,3,13,20,-15.0,35.0,24.0
22016,1610612738,BOS,Boston Celtics,21600681,2017-01-25,BOS vs. HOU,W,240,120,47,91,0.516,11,32,0.344,15,16,0.938,12,36,48,33,10,3,18,27,11.0,36.0,24.0
22016,1610612738,BOS,Boston Celtics,21600697,2017-01-27,BOS vs. ORL,W,241,128,50,89,0.562,16,34,0.471,12,15,0.8,7,40,47,39,8,5,10,17,30.0,37.0,24.0
22016,1610612738,BOS,Boston Celtics,21600706,2017-01-28,BOS @ MIL,W,266,112,37,89,0.416,14,41,0.341,24,30,0.8,9,35,44,26,6,7,13,23,4.0,38.0,24.0
22016,1610612738,BOS,Boston Celtics,21600721,2017-01-30,BOS vs. DET,W,240,113,36,82,0.439,13,32,0.406,28,33,0.848,6,38,44,23,6,5,9,18,4.0,39.0,24.0
22016,1610612738,BOS,Boston Celtics,21600732,2017-02-01,BOS vs. TOR,W,241,109,36,87,0.414,12,36,0.333,25,30,0.833,12,27,39,24,6,2,9,21,5.0,40.0,24.0
22016,1610612738,BOS,Boston Celtics,21600751,2017-02-03,BOS vs. LAL,W,241,113,39,82,0.476,13,35,0.371,22,28,0.7859999999999999,7,40,47,28,8,1,16,19,6.0,41.0,24.0
22016,1610612738,BOS,Boston Celtics,21600766,2017-02-05,BOS vs. LAC,W,240,107,37,88,0.42,16,52,0.308,17,20,0.85,9,36,45,24,9,3,11,21,5.0,42.0,24.0
22016,1610612738,BOS,Boston Celtics,21600793,2017-02-08,BOS @ SAC,L,241,92,29,73,0.397,10,32,0.313,24,27,0.889,7,32,39,18,8,2,17,19,-16.0,42.0,25.0
22016,1610612738,BOS,Boston Celtics,21600798,2017-02-09,BOS @ POR,W,242,120,44,91,0.484,10,30,0.333,22,27,0.815,14,29,43,23,8,1,8,21,9.0,43.0,25.0
22016,1610612738,BOS,Boston Celtics,21600815,2017-02-11,BOS @ UTA,W,241,112,42,71,0.5920000000000001,13,30,0.433,15,23,0.652,3,34,37,20,6,4,16,24,8.0,44.0,25.0
22016,1610612738,BOS,Boston Celtics,21600826,2017-02-13,BOS @ DAL,W,239,111,40,81,0.494,16,34,0.471,15,18,0.833,7,34,41,28,5,3,12,25,13.0,45.0,25.0
22016,1610612738,BOS,Boston Celtics,21600836,2017-02-15,BOS vs. PHI,W,239,116,38,80,0.475,13,28,0.464,27,36,0.75,6,33,39,21,13,4,22,18,8.0,46.0,25.0
22016,1610612738,BOS,Boston Celtics,21600849,2017-02-16,BOS @ CHI,L,240,103,36,77,0.468,14,37,0.378,17,20,0.85,4,27,31,24,2,4,7,18,-1.0,46.0,26.0
22016,1610612738,BOS,Boston Celtics,21600858,2017-02-24,BOS @ TOR,L,239,97,33,78,0.423,12,38,0.316,19,22,0.8640000000000001,7,29,36,19,4,3,11,21,-10.0,46.0,27.0
22016,1610612738,BOS,Boston Celtics,21600879,2017-02-26,BOS @ DET,W,240,104,34,85,0.4,12,35,0.343,24,30,0.8,9,43,52,22,9,1,14,26,6.0,47.0,27.0
22016,1610612738,BOS,Boston Celtics,21600885,2017-02-27,BOS vs. ATL,L,240,98,34,87,0.391,10,34,0.294,20,25,0.8,9,31,40,21,9,7,18,20,-16.0,47.0,28.0
22016,1610612738,BOS,Boston Celtics,21600901,2017-03-01,BOS vs. CLE,W,242,103,36,78,0.462,13,31,0.419,18,23,0.7829999999999999,8,39,47,28,4,6,12,21,4.0,48.0,28.0
22016,1610612738,BOS,Boston Celtics,21600918,2017-03-03,BOS @ LAL,W,242,115,43,84,0.512,10,33,0.303,19,25,0.76,6,40,46,30,7,2,18,17,20.0,49.0,28.0
22016,1610612738,BOS,Boston Celtics,21600929,2017-03-05,BOS @ PHX,L,242,106,32,85,0.376,13,37,0.35100000000000003,29,40,0.725,14,40,54,19,6,6,12,28,-3.0,49.0,29.0
22016,1610612738,BOS,Boston Celtics,21600945,2017-03-06,BOS @ LAC,L,240,102,34,83,0.41,10,35,0.28600000000000003,24,29,0.828,7,30,37,22,9,2,11,31,-14.0,49.0,30.0
22016,1610612738,BOS,Boston Celtics,21600959,2017-03-08,BOS @ GSW,W,241,99,37,84,0.44,10,29,0.345,15,19,0.789,9,36,45,28,12,1,12,10,13.0,50.0,30.0
22016,1610612738,BOS,Boston Celtics,21600970,2017-03-10,BOS @ DEN,L,240,99,34,81,0.42,12,33,0.364,19,23,0.826,9,25,34,19,11,2,18,23,-20.0,50.0,31.0
22016,1610612738,BOS,Boston Celtics,21600985,2017-03-12,BOS vs. CHI,W,240,100,40,86,0.465,16,37,0.4320000000000001,4,4,1.0,12,39,51,22,14,5,21,14,20.0,51.0,31.0
22016,1610612738,BOS,Boston Celtics,21601006,2017-03-15,BOS vs. MIN,W,242,117,43,79,0.544,13,33,0.394,18,21,0.857,5,32,37,34,2,5,10,16,13.0,52.0,31.0
22016,1610612738,BOS,Boston Celtics,21601022,2017-03-17,BOS @ BKN,W,239,98,34,85,0.4,7,29,0.241,23,29,0.7929999999999999,8,43,51,20,7,6,12,23,3.0,53.0,31.0
22016,1610612738,BOS,Boston Celtics,21601037,2017-03-19,BOS @ PHI,L,240,99,34,84,0.405,6,29,0.207,25,29,0.862,8,33,41,27,8,5,17,15,-6.0,53.0,32.0
22016,1610612738,BOS,Boston Celtics,21601047,2017-03-20,BOS vs. WAS,W,240,110,40,93,0.43,10,33,0.303,20,28,0.7140000000000001,19,34,53,19,10,6,13,24,8.0,54.0,32.0
22016,1610612738,BOS,Boston Celtics,21601060,2017-03-22,BOS vs. IND,W,240,109,43,84,0.512,11,27,0.407,12,14,0.857,10,33,43,27,5,2,16,17,9.0,55.0,32.0
22016,1610612738,BOS,Boston Celtics,21601076,2017-03-24,BOS vs. PHX,W,239,130,44,94,0.468,14,41,0.341,28,35,0.8,12,38,50,31,8,5,15,32,10.0,56.0,32.0
22016,1610612738,BOS,Boston Celtics,21601093,2017-03-26,BOS vs. MIA,W,240,112,41,77,0.532,8,24,0.333,22,25,0.88,8,27,35,32,8,3,16,19,4.0,57.0,32.0
22016,1610612738,BOS,Boston Celtics,21601113,2017-03-29,BOS vs. MIL,L,242,100,35,88,0.398,12,37,0.324,18,23,0.7829999999999999,15,27,42,24,8,3,16,18,-3.0,57.0,33.0
22016,1610612738,BOS,Boston Celtics,21601129,2017-03-31,BOS vs. ORL,W,241,117,38,84,0.452,12,33,0.364,29,34,0.853,5,40,45,27,6,5,11,18,1.0,58.0,33.0
22016,1610612738,BOS,Boston Celtics,21601145,2017-04-02,BOS @ NYK,W,240,110,40,72,0.556,12,37,0.324,18,26,0.6920000000000001,5,36,41,22,8,3,17,25,16.0,59.0,33.0
22016,1610612738,BOS,Boston Celtics,21601169,2017-04-05,BOS vs. CLE,L,241,91,33,81,0.407,7,33,0.212,18,29,0.621,8,30,38,21,6,4,12,18,-23.0,59.0,34.0
22016,1610612738,BOS,Boston Celtics,21601177,2017-04-06,BOS @ ATL,L,240,116,37,90,0.411,15,43,0.349,27,34,0.794,10,28,38,28,9,4,12,29,-7.0,59.0,35.0
22016,1610612738,BOS,Boston Celtics,21601189,2017-04-08,BOS @ CHA,W,238,121,45,87,0.517,17,39,0.436,14,17,0.8240000000000001,5,38,43,35,2,5,9,19,7.0,60.0,35.0
22016,1610612738,BOS,Boston Celtics,21601204,2017-04-10,BOS vs. BKN,W,240,114,41,91,0.451,14,38,0.368,18,21,0.857,9,42,51,31,7,4,13,23,9.0,61.0,35.0
22016,1610612738,BOS,Boston Celtics,21601219,2017-04-12,BOS vs. MIL,W,240,112,41,90,0.456,12,36,0.333,18,26,0.6920000000000001,10,35,45,31,12,3,8,17,18.0,62.0,35.0
42016,1610612738,BOS,Boston Celtics,41600101,2017-04-16,BOS vs. CHI,L,240,102,37,86,0.43,14,38,0.368,14,19,0.737,12,24,36,27,9,4,15,20,-4.0,62.0,36.0
42016,1610612738,BOS,Boston Celtics,41600102,2017-04-18,BOS vs. CHI,L,242,97,38,82,0.463,10,33,0.303,11,19,0.579,11,27,38,26,6,4,16,17,-14.0,62.0,37.0
42016,1610612738,BOS,Boston Celtics,41600103,2017-04-21,BOS @ CHI,W,237,104,41,86,0.477,17,37,0.459,5,7,0.7140000000000001,7,30,37,34,11,2,12,12,17.0,63.0,37.0
42016,1610612738,BOS,Boston Celtics,41600104,2017-04-23,BOS @ CHI,W,240,104,38,82,0.463,10,37,0.27,18,22,0.818,11,31,42,22,7,4,13,24,9.0,64.0,37.0
42016,1610612738,BOS,Boston Celtics,41600105,2017-04-26,BOS vs. CHI,W,239,108,38,88,0.4320000000000001,9,40,0.225,23,23,1.0,8,30,38,27,9,3,6,16,11.0,65.0,37.0
42016,1610612738,BOS,Boston Celtics,41600106,2017-04-28,BOS @ CHI,W,240,105,39,80,0.488,16,39,0.41,11,18,0.611,7,36,43,28,7,5,9,14,22.0,66.0,37.0
42016,1610612738,BOS,Boston Celtics,41600201,2017-04-30,BOS vs. WAS,W,240,123,46,90,0.511,19,39,0.487,12,15,0.8,12,26,38,32,8,7,11,25,12.0,67.0,37.0
42016,1610612738,BOS,Boston Celtics,41600202,2017-05-02,BOS vs. WAS,W,266,129,45,88,0.511,13,36,0.361,26,34,0.765,12,29,41,26,11,7,16,21,10.0,68.0,37.0
42016,1610612738,BOS,Boston Celtics,41600203,2017-05-04,BOS @ WAS,L,242,89,27,77,0.35100000000000003,10,32,0.313,25,33,0.758,8,30,38,20,4,2,16,26,-27.0,68.0,38.0
42016,1610612738,BOS,Boston Celtics,41600204,2017-05-07,BOS @ WAS,L,239,102,35,79,0.443,14,31,0.452,18,24,0.75,9,22,31,28,13,6,18,25,-19.0,68.0,39.0
42016,1610612738,BOS,Boston Celtics,41600205,2017-05-10,BOS vs. WAS,W,239,123,46,87,0.529,16,33,0.485,15,21,0.7140000000000001,9,39,48,33,7,8,11,25,22.0,69.0,39.0
42016,1610612738,BOS,Boston Celtics,41600206,2017-05-12,BOS @ WAS,L,240,91,32,79,0.405,11,35,0.314,16,18,0.889,7,30,37,25,5,3,10,19,-1.0,69.0,40.0
42016,1610612738,BOS,Boston Celtics,41600207,2017-05-15,BOS vs. WAS,W,241,115,42,79,0.532,11,24,0.458,20,25,0.8,4,27,31,27,7,4,8,24,10.0,70.0,40.0
42016,1610612738,BOS,Boston Celtics,41600301,2017-05-17,BOS vs. CLE,L,240,104,41,88,0.466,12,38,0.316,10,18,0.556,13,27,40,33,4,1,14,26,-13.0,70.0,41.0
42016,1610612738,BOS,Boston Celtics,41600302,2017-05-19,BOS vs. CLE,L,241,86,32,86,0.3720000000000001,8,27,0.29600000000000004,14,15,0.933,10,29,39,23,7,4,20,19,-44.0,70.0,42.0
42016,1610612738,BOS,Boston Celtics,41600303,2017-05-21,BOS @ CLE,W,239,111,42,91,0.462,18,40,0.45,9,12,0.75,11,27,38,28,10,3,9,23,3.0,71.0,42.0
42016,1610612738,BOS,Boston Celtics,41600304,2017-05-23,BOS @ CLE,L,240,99,35,79,0.443,10,31,0.32299999999999995,19,20,0.95,7,22,29,26,7,2,12,15,-13.0,71.0,43.0
42016,1610612738,BOS,Boston Celtics,41600305,2017-05-25,BOS vs. CLE,L,240,102,37,86,0.43,11,30,0.3670000000000001,17,23,0.7390000000000001,12,27,39,20,7,5,18,23,-33.0,71.0,44.0
22017,1610612738,BOS,Boston Celtics,1621700001,2017-07-03,BOS @ PHI,W,201,89,34,72,0.472,6,19,0.316,15,27,0.556,7,37,44,12,10,3,17,20,1.0,1.0,0.0
22017,1610612738,BOS,Boston Celtics,1621700003,2017-07-05,BOS @ SAS,L,200,70,27,64,0.422,5,19,0.263,11,15,0.733,6,34,40,14,7,5,18,22,-11.0,1.0,1.0
22017,1610612738,BOS,Boston Celtics,1621700006,2017-07-06,BOS @ UTA,L,200,65,21,55,0.382,6,21,0.28600000000000003,17,23,0.7390000000000001,3,35,38,9,6,6,19,17,-3.0,1.0,2.0
22017,1610612738,BOS,Boston Celtics,1521700012,2017-07-08,BOS @ LAL,W,201,86,27,70,0.386,6,19,0.316,26,35,0.743,5,35,40,11,7,3,10,15,5.0,2.0,2.0
22017,1610612738,BOS,Boston Celtics,1521700020,2017-07-09,BOS vs. POR,W,200,70,25,66,0.379,9,25,0.36,11,19,0.579,12,33,45,12,6,6,18,30,6.0,3.0,2.0
22017,1610612738,BOS,Boston Celtics,1521700034,2017-07-11,BOS vs. PHI,W,200,88,34,73,0.466,6,18,0.333,14,25,0.56,13,41,54,15,4,6,20,23,5.0,4.0,2.0
22017,1610612738,BOS,Boston Celtics,1521700047,2017-07-13,BOS vs. GSW,W,202,93,34,63,0.54,10,19,0.526,15,21,0.7140000000000001,6,40,46,19,7,9,18,20,24.0,5.0,2.0
22017,1610612738,BOS,Boston Celtics,1521700063,2017-07-15,BOS @ DAL,L,200,74,28,67,0.418,9,28,0.321,9,12,0.75,7,21,28,11,8,2,19,14,-17.0,5.0,3.0
12017,1610612738,BOS,Boston Celtics,11700008,2017-10-02,BOS vs. CHA,W,241,94,38,91,0.418,11,31,0.355,7,13,0.5379999999999999,13,39,52,26,11,6,10,20,6.0,6.0,3.0
12017,1610612738,BOS,Boston Celtics,11700029,2017-10-06,BOS @ PHI,W,240,110,39,97,0.402,11,32,0.344,21,26,0.8079999999999999,17,32,49,22,12,5,17,18,8.0,7.0,3.0
12017,1610612738,BOS,Boston Celtics,11700048,2017-10-09,BOS vs. PHI,W,241,113,35,88,0.398,12,29,0.414,31,42,0.738,10,43,53,19,12,5,14,24,17.0,8.0,3.0
12017,1610612738,BOS,Boston Celtics,11700060,2017-10-11,BOS @ CHA,W,240,108,43,85,0.506,16,32,0.5,6,8,0.75,4,33,37,26,5,5,13,23,8.0,9.0,3.0
22017,1610612738,BOS,Boston Celtics,21700001,2017-10-17,BOS @ CLE,L,241,99,36,88,0.409,8,32,0.25,19,25,0.76,9,37,46,24,11,4,10,24,-3.0,9.0,4.0
22017,1610612738,BOS,Boston Celtics,21700007,2017-10-18,BOS vs. MIL,L,240,100,39,91,0.429,11,28,0.393,11,21,0.524,11,32,43,23,12,2,12,27,-8.0,9.0,5.0
22017,1610612738,BOS,Boston Celtics,21700019,2017-10-20,BOS @ PHI,W,240,102,35,84,0.417,10,29,0.345,22,32,0.688,14,41,55,16,4,5,19,24,10.0,10.0,5.0
22017,1610612738,BOS,Boston Celtics,21700051,2017-10-24,BOS vs. NYK,W,241,110,37,75,0.493,14,29,0.483,22,27,0.815,5,36,41,26,11,7,12,24,21.0,11.0,5.0
22017,1610612738,BOS,Boston Celtics,21700067,2017-10-26,BOS @ MIL,W,241,96,33,78,0.423,11,30,0.3670000000000001,19,22,0.8640000000000001,6,39,45,21,7,4,15,14,7.0,12.0,5.0
22017,1610612738,BOS,Boston Celtics,21700078,2017-10-28,BOS @ MIA,W,240,96,34,81,0.42,6,23,0.261,22,26,0.846,11,30,41,15,11,5,12,14,6.0,13.0,5.0
22017,1610612738,BOS,Boston Celtics,21700092,2017-10-30,BOS vs. SAS,W,239,108,42,88,0.477,11,31,0.355,13,16,0.813,15,39,54,24,10,6,13,22,14.0,14.0,5.0
22017,1610612738,BOS,Boston Celtics,21700109,2017-11-01,BOS vs. SAC,W,240,113,40,82,0.488,17,41,0.415,16,19,0.8420000000000001,16,36,52,30,10,3,15,19,27.0,15.0,5.0
22017,1610612738,BOS,Boston Celtics,21700129,2017-11-03,BOS @ OKC,W,239,101,36,84,0.429,13,28,0.464,16,24,0.667,11,38,49,23,6,2,10,14,7.0,16.0,5.0
22017,1610612738,BOS,Boston Celtics,21700138,2017-11-05,BOS @ ORL,W,241,104,39,89,0.438,11,33,0.333,15,20,0.75,9,45,54,26,10,1,13,21,16.0,17.0,5.0
22017,1610612738,BOS,Boston Celtics,21700146,2017-11-06,BOS @ ATL,W,240,110,39,81,0.481,14,36,0.389,18,22,0.818,7,35,42,28,3,3,13,21,3.0,18.0,5.0
22017,1610612738,BOS,Boston Celtics,21700161,2017-11-08,BOS vs. LAL,W,240,107,38,98,0.388,7,29,0.241,24,31,0.774,16,32,48,20,8,6,13,20,11.0,19.0,5.0
22017,1610612738,BOS,Boston Celtics,21700170,2017-11-10,BOS vs. CHA,W,240,90,30,84,0.35700000000000004,9,31,0.29,21,25,0.84,9,40,49,15,6,5,13,26,3.0,20.0,5.0
22017,1610612738,BOS,Boston Celtics,21700188,2017-11-12,BOS vs. TOR,W,239,95,35,87,0.402,10,26,0.385,15,19,0.789,15,31,46,24,9,2,14,18,1.0,21.0,5.0
22017,1610612738,BOS,Boston Celtics,21700201,2017-11-14,BOS @ BKN,W,239,109,39,86,0.453,9,27,0.333,22,27,0.815,9,40,49,15,8,3,14,14,7.0,22.0,5.0
22017,1610612738,BOS,Boston Celtics,21700215,2017-11-16,BOS vs. GSW,W,240,92,26,79,0.329,7,32,0.219,33,38,0.868,7,45,52,15,8,5,15,15,4.0,23.0,5.0
22017,1610612738,BOS,Boston Celtics,21700230,2017-11-18,BOS @ ATL,W,240,110,39,82,0.476,16,34,0.471,16,20,0.8,9,32,41,21,9,6,15,22,11.0,24.0,5.0
22017,1610612738,BOS,Boston Celtics,21700249,2017-11-20,BOS @ DAL,W,266,110,38,84,0.452,13,36,0.361,21,26,0.8079999999999999,5,48,53,24,8,4,17,24,8.0,25.0,5.0
22017,1610612738,BOS,Boston Celtics,21700257,2017-11-22,BOS @ MIA,L,239,98,35,84,0.417,9,26,0.34600000000000003,19,27,0.7040000000000001,7,30,37,19,11,4,11,19,-6.0,25.0,6.0
22017,1610612738,BOS,Boston Celtics,21700269,2017-11-24,BOS vs. ORL,W,240,118,42,91,0.462,17,42,0.405,17,25,0.68,13,33,46,27,6,10,8,20,15.0,26.0,6.0
22017,1610612738,BOS,Boston Celtics,21700281,2017-11-25,BOS @ IND,W,240,108,45,80,0.563,10,25,0.4,8,9,0.889,4,26,30,22,8,4,14,13,10.0,27.0,6.0
22017,1610612738,BOS,Boston Celtics,21700292,2017-11-27,BOS vs. DET,L,242,108,40,77,0.519,16,33,0.485,12,21,0.5710000000000001,5,31,36,27,2,4,17,23,-10.0,27.0,7.0
22017,1610612738,BOS,Boston Celtics,21700314,2017-11-30,BOS vs. PHI,W,242,108,40,79,0.506,12,29,0.414,16,20,0.8,7,33,40,25,7,7,16,20,11.0,28.0,7.0
22017,1610612738,BOS,Boston Celtics,21700326,2017-12-02,BOS vs. PHX,W,239,116,42,80,0.525,14,31,0.452,18,23,0.7829999999999999,4,27,31,32,8,6,9,16,5.0,29.0,7.0
22017,1610612738,BOS,Boston Celtics,21700343,2017-12-04,BOS vs. MIL,W,241,111,43,78,0.551,10,22,0.455,15,19,0.789,8,37,45,25,5,3,14,20,11.0,30.0,7.0
22017,1610612738,BOS,Boston Celtics,21700356,2017-12-06,BOS vs. DAL,W,241,97,36,87,0.414,12,34,0.353,13,17,0.765,9,44,53,25,8,8,11,15,7.0,31.0,7.0
22017,1610612738,BOS,Boston Celtics,21700374,2017-12-08,BOS @ SAS,L,240,102,38,83,0.458,11,38,0.289,15,17,0.882,11,28,39,14,10,0,14,22,-3.0,31.0,8.0
22017,1610612738,BOS,Boston Celtics,21700386,2017-12-10,BOS @ DET,W,242,91,33,79,0.418,11,30,0.3670000000000001,14,18,0.778,9,41,50,16,4,4,13,18,10.0,32.0,8.0
22017,1610612738,BOS,Boston Celtics,21700391,2017-12-11,BOS @ CHI,L,239,85,33,83,0.398,10,40,0.25,9,14,0.643,11,35,46,22,2,2,15,19,-23.0,32.0,9.0
22017,1610612738,BOS,Boston Celtics,21700407,2017-12-13,BOS vs. DEN,W,241,124,47,79,0.595,11,25,0.44,19,24,0.792,4,26,30,29,10,7,13,20,6.0,33.0,9.0
22017,1610612738,BOS,Boston Celtics,21700423,2017-12-15,BOS vs. UTA,L,240,95,35,86,0.407,9,31,0.29,16,19,0.8420000000000001,2,29,31,20,10,5,8,18,-12.0,33.0,10.0
22017,1610612738,BOS,Boston Celtics,21700436,2017-12-16,BOS @ MEM,W,238,102,39,80,0.488,14,30,0.467,10,14,0.7140000000000001,14,28,42,21,6,6,16,19,9.0,34.0,10.0
22017,1610612738,BOS,Boston Celtics,21700442,2017-12-18,BOS @ IND,W,240,112,44,79,0.557,16,26,0.615,8,14,0.5710000000000001,6,32,38,26,6,4,19,31,1.0,35.0,10.0
22017,1610612738,BOS,Boston Celtics,21700456,2017-12-20,BOS vs. MIA,L,241,89,30,80,0.375,13,32,0.406,16,21,0.762,5,39,44,18,5,5,10,22,-1.0,35.0,11.0
22017,1610612738,BOS,Boston Celtics,21700468,2017-12-21,BOS @ NYK,L,239,93,33,86,0.384,13,38,0.342,14,19,0.737,9,26,35,17,11,1,10,20,-8.8,35.0,12.0
22017,1610612738,BOS,Boston Celtics,21700485,2017-12-23,BOS vs. CHI,W,240,117,44,92,0.478,12,32,0.375,17,21,0.81,8,38,46,29,9,5,5,18,25.0,36.0,12.0
22017,1610612738,BOS,Boston Celtics,21700495,2017-12-25,BOS vs. WAS,L,241,103,39,81,0.481,14,29,0.483,11,17,0.647,8,37,45,20,2,4,16,23,-8.0,36.0,13.0
22017,1610612738,BOS,Boston Celtics,21700506,2017-12-27,BOS @ CHA,W,240,102,37,78,0.474,15,34,0.441,13,13,1.0,6,37,43,20,4,7,15,20,11.0,37.0,13.0
22017,1610612738,BOS,Boston Celtics,21700517,2017-12-28,BOS vs. HOU,W,239,99,37,82,0.451,8,29,0.276,17,24,0.708,10,34,44,18,9,8,16,22,1.0,38.0,13.0
22017,1610612738,BOS,Boston Celtics,21700539,2017-12-31,BOS vs. BKN,W,241,108,39,79,0.494,14,33,0.424,16,25,0.64,8,42,50,21,7,8,17,22,3.0,39.0,13.0
22017,1610612738,BOS,Boston Celtics,21700559,2018-01-03,BOS vs. CLE,W,242,102,41,92,0.446,12,36,0.333,8,11,0.727,9,43,52,27,9,2,15,20,14.0,40.0,13.0
22017,1610612738,BOS,Boston Celtics,21700570,2018-01-05,BOS vs. MIN,W,242,91,38,94,0.404,6,36,0.16699999999999998,9,13,0.6920000000000001,17,39,56,24,6,4,10,22,7.0,41.0,13.0
22017,1610612738,BOS,Boston Celtics,21700579,2018-01-06,BOS @ BKN,W,239,87,37,98,0.378,5,18,0.278,8,15,0.5329999999999999,12,32,44,12,8,13,4,17,2.0,42.0,13.0
22017,1610612738,BOS,Boston Celtics,21700614,2018-01-11,BOS @ PHI,W,240,114,43,89,0.483,13,35,0.371,15,19,0.789,11,35,46,24,11,2,18,18,11.0,43.0,13.0
22017,1610612738,BOS,Boston Celtics,21700650,2018-01-16,BOS vs. NOP,L,266,113,40,101,0.396,19,50,0.38,14,16,0.875,12,41,53,27,7,3,18,24,-3.0,43.0,14.0
22017,1610612738,BOS,Boston Celtics,21700663,2018-01-18,BOS vs. PHI,L,239,80,30,74,0.405,7,29,0.241,13,17,0.765,3,28,31,13,7,5,19,20,-9.0,43.0,15.0
22017,1610612738,BOS,Boston Celtics,21700683,2018-01-21,BOS vs. ORL,L,241,95,37,85,0.435,8,27,0.29600000000000004,13,14,0.929,11,33,44,22,6,9,15,18,-8.0,43.0,16.0
22017,1610612738,BOS,Boston Celtics,21700700,2018-01-23,BOS @ LAL,L,241,107,42,90,0.467,15,44,0.341,8,10,0.8,7,35,42,22,3,5,11,25,-1.0,43.0,17.0
22017,1610612738,BOS,Boston Celtics,21700709,2018-01-24,BOS @ LAC,W,240,113,39,93,0.419,14,40,0.35,21,22,0.955,10,37,47,25,10,3,13,28,11.0,44.0,17.0
22017,1610612738,BOS,Boston Celtics,21700728,2018-01-27,BOS @ GSW,L,240,105,37,85,0.435,14,28,0.5,17,24,0.708,11,34,45,17,6,2,14,23,-4.0,44.0,18.0
22017,1610612738,BOS,Boston Celtics,21700743,2018-01-29,BOS @ DEN,W,240,111,43,91,0.473,17,36,0.472,8,10,0.8,10,30,40,28,4,6,9,19,1.0,45.0,18.0
22017,1610612738,BOS,Boston Celtics,21700758,2018-01-31,BOS vs. NYK,W,240,103,40,83,0.482,11,26,0.423,12,20,0.6,5,44,49,27,8,3,9,22,30.0,46.0,18.0
22017,1610612738,BOS,Boston Celtics,21700767,2018-02-02,BOS vs. ATL,W,241,119,45,89,0.506,11,24,0.458,18,20,0.9,7,35,42,26,8,3,11,23,9.0,47.0,18.0
22017,1610612738,BOS,Boston Celtics,21700784,2018-02-04,BOS vs. POR,W,239,97,35,85,0.412,15,36,0.417,12,17,0.706,9,42,51,24,3,6,11,16,1.2,48.0,18.0
22017,1610612738,BOS,Boston Celtics,21700798,2018-02-06,BOS @ TOR,L,240,91,33,83,0.398,10,23,0.435,15,20,0.75,9,29,38,21,3,3,17,19,-20.0,48.0,19.0
22017,1610612738,BOS,Boston Celtics,21700813,2018-02-08,BOS @ WAS,W,265,110,39,84,0.464,9,26,0.34600000000000003,23,34,0.6759999999999999,7,38,45,16,9,6,18,20,6.0,49.0,19.0
22017,1610612738,BOS,Boston Celtics,21700820,2018-02-09,BOS vs. IND,L,239,91,34,89,0.382,7,27,0.259,16,20,0.8,12,26,38,16,5,8,10,21,-6.0,49.0,20.0
22017,1610612738,BOS,Boston Celtics,21700835,2018-02-11,BOS vs. CLE,L,239,99,36,89,0.404,10,38,0.263,17,22,0.773,13,30,43,22,3,4,14,14,-22.0,49.0,21.0
22017,1610612738,BOS,Boston Celtics,21700858,2018-02-14,BOS vs. LAC,L,241,119,42,97,0.433,15,31,0.484,20,21,0.952,11,35,46,24,4,7,8,31,-10.0,49.0,22.0
22017,1610612738,BOS,Boston Celtics,21700873,2018-02-23,BOS @ DET,W,241,110,41,85,0.482,17,39,0.436,11,18,0.611,10,32,42,30,8,5,11,22,12.0,50.0,22.0
22017,1610612738,BOS,Boston Celtics,21700886,2018-02-24,BOS @ NYK,W,240,121,42,93,0.452,13,33,0.394,24,28,0.857,11,34,45,21,11,5,11,15,9.0,51.0,22.0
22017,1610612738,BOS,Boston Celtics,21700898,2018-02-26,BOS vs. MEM,W,240,109,39,86,0.453,12,37,0.324,19,27,0.7040000000000001,9,35,44,25,5,5,8,23,11.0,52.0,22.0
22017,1610612738,BOS,Boston Celtics,21700916,2018-02-28,BOS vs. CHA,W,241,134,54,87,0.621,12,20,0.6,14,15,0.933,4,43,47,31,3,4,10,20,28.0,53.0,22.0
22017,1610612738,BOS,Boston Celtics,21700939,2018-03-03,BOS @ HOU,L,240,120,44,91,0.484,13,24,0.542,19,21,0.905,10,28,38,22,6,3,13,21,-3.0,53.0,23.0
22017,1610612738,BOS,Boston Celtics,21700953,2018-03-05,BOS @ CHI,W,240,105,41,84,0.488,12,36,0.333,11,12,0.917,12,41,53,25,7,4,18,13,16.0,54.0,23.0
22017,1610612738,BOS,Boston Celtics,21700974,2018-03-08,BOS @ MIN,W,240,117,43,87,0.494,11,32,0.344,20,27,0.741,9,37,46,28,7,2,11,17,8.0,55.0,23.0
22017,1610612738,BOS,Boston Celtics,21700998,2018-03-11,BOS vs. IND,L,241,97,34,81,0.42,12,37,0.324,17,21,0.81,10,32,42,26,10,5,16,13,-2.0,55.0,24.0
22017,1610612738,BOS,Boston Celtics,21701017,2018-03-14,BOS vs. WAS,L,289,124,48,99,0.485,12,26,0.462,16,23,0.696,10,34,44,30,9,5,17,22,-1.0,55.0,25.0
22017,1610612738,BOS,Boston Celtics,21701029,2018-03-16,BOS @ ORL,W,240,92,31,82,0.378,9,26,0.34600000000000003,21,28,0.75,16,39,55,16,7,6,18,17,9.0,56.0,25.0
22017,1610612738,BOS,Boston Celtics,21701047,2018-03-18,BOS @ NOP,L,240,89,35,87,0.402,9,26,0.34600000000000003,10,20,0.5,9,35,44,17,8,3,12,21,-19.0,56.0,26.0
22017,1610612738,BOS,Boston Celtics,21701059,2018-03-20,BOS vs. OKC,W,239,100,36,87,0.414,13,36,0.361,15,16,0.938,11,41,52,22,6,5,17,24,1.0,57.0,26.0
22017,1610612738,BOS,Boston Celtics,21701086,2018-03-23,BOS @ POR,W,242,105,35,77,0.455,11,18,0.611,24,26,0.923,9,36,45,22,5,4,13,18,5.0,58.0,26.0
22017,1610612738,BOS,Boston Celtics,21701099,2018-03-25,BOS @ SAC,W,241,104,40,72,0.556,12,22,0.545,12,17,0.706,3,32,35,23,9,2,15,11,11.0,59.0,26.0
22017,1610612738,BOS,Boston Celtics,21701107,2018-03-26,BOS @ PHX,W,238,102,37,87,0.425,14,29,0.483,14,14,1.0,10,34,44,24,10,3,12,19,8.0,60.0,26.0
22017,1610612738,BOS,Boston Celtics,21701121,2018-03-28,BOS @ UTA,W,240,97,35,79,0.443,12,21,0.5710000000000001,15,20,0.75,11,31,42,20,11,2,16,18,3.0,61.0,26.0
22017,1610612738,BOS,Boston Celtics,21701140,2018-03-31,BOS vs. TOR,W,240,110,40,88,0.455,7,17,0.412,23,27,0.852,8,33,41,19,6,3,5,23,11.0,62.0,26.0
22017,1610612738,BOS,Boston Celtics,21701162,2018-04-03,BOS @ MIL,L,240,102,38,81,0.469,7,23,0.304,19,24,0.792,10,27,37,19,10,6,17,17,-4.0,62.0,27.0
22017,1610612738,BOS,Boston Celtics,21701171,2018-04-04,BOS @ TOR,L,237,78,25,75,0.333,3,22,0.136,25,28,0.893,8,35,43,10,7,3,16,16,-18.0,62.0,28.0
22017,1610612738,BOS,Boston Celtics,21701185,2018-04-06,BOS vs. CHI,W,241,111,45,81,0.556,14,34,0.412,7,17,0.412,6,40,46,35,9,6,18,15,7.0,63.0,28.0
22017,1610612738,BOS,Boston Celtics,21701202,2018-04-08,BOS vs. ATL,L,239,106,42,82,0.512,9,23,0.391,13,20,0.65,10,31,41,33,9,6,12,18,-6.0,63.0,29.0
22017,1610612738,BOS,Boston Celtics,21701215,2018-04-10,BOS @ WAS,L,241,101,33,87,0.379,13,33,0.394,22,27,0.815,13,31,44,22,14,1,16,18,-12.0,63.0,30.0
22017,1610612738,BOS,Boston Celtics,21701219,2018-04-11,BOS vs. BKN,W,240,110,46,102,0.451,6,24,0.25,12,15,0.8,20,42,62,22,6,6,13,14,13.0,64.0,30.0
42017,1610612738,BOS,Boston Celtics,41700111,2018-04-15,BOS vs. MIL,W,264,113,39,94,0.415,11,26,0.423,24,27,0.889,11,34,45,20,8,5,15,21,6.0,65.0,30.0
42017,1610612738,BOS,Boston Celtics,41700112,2018-04-17,BOS vs. MIL,W,241,120,48,90,0.5329999999999999,13,31,0.419,11,18,0.611,9,29,38,24,10,6,5,16,14.0,66.0,30.0
42017,1610612738,BOS,Boston Celtics,41700113,2018-04-20,BOS @ MIL,L,240,92,32,80,0.4,8,24,0.333,20,28,0.7140000000000001,17,28,45,17,3,1,16,15,-24.0,66.0,31.0
42017,1610612738,BOS,Boston Celtics,41700114,2018-04-22,BOS @ MIL,L,240,102,36,87,0.414,10,29,0.345,20,25,0.8,16,27,43,22,6,3,8,21,-2.0,66.0,32.0
42017,1610612738,BOS,Boston Celtics,41700115,2018-04-24,BOS vs. MIL,W,240,92,29,69,0.42,10,31,0.32299999999999995,24,32,0.75,5,45,50,22,7,7,17,21,5.0,67.0,32.0
42017,1610612738,BOS,Boston Celtics,41700116,2018-04-26,BOS @ MIL,L,237,86,30,81,0.37,10,36,0.278,16,19,0.8420000000000001,6,33,39,18,3,3,9,19,-11.0,67.0,33.0
42017,1610612738,BOS,Boston Celtics,41700117,2018-04-28,BOS vs. MIL,W,240,112,45,84,0.536,9,26,0.34600000000000003,13,21,0.619,11,31,42,28,9,4,14,23,16.0,68.0,33.0
42017,1610612738,BOS,Boston Celtics,41700211,2018-04-30,BOS vs. PHI,W,241,117,41,85,0.482,17,35,0.486,18,19,0.947,5,31,36,27,4,4,10,21,16.0,69.0,33.0
42017,1610612738,BOS,Boston Celtics,41700212,2018-05-03,BOS vs. PHI,W,239,108,37,82,0.451,15,36,0.417,19,24,0.792,5,36,41,23,7,3,9,16,5.0,70.0,33.0
42017,1610612738,BOS,Boston Celtics,41700213,2018-05-05,BOS @ PHI,W,263,101,41,91,0.451,10,38,0.263,9,14,0.643,9,40,49,19,9,7,13,20,3.0,71.0,33.0
42017,1610612738,BOS,Boston Celtics,41700214,2018-05-07,BOS @ PHI,L,240,92,31,75,0.413,11,32,0.344,19,26,0.731,6,36,42,16,4,10,15,28,-11.0,71.0,34.0
42017,1610612738,BOS,Boston Celtics,41700215,2018-05-09,BOS vs. PHI,W,240,114,38,85,0.447,7,20,0.35,31,41,0.7559999999999999,13,26,39,18,12,3,10,24,6.0,72.0,34.0
42017,1610612738,BOS,Boston Celtics,41700301,2018-05-13,BOS vs. CLE,W,240,108,43,84,0.512,11,30,0.3670000000000001,11,13,0.846,6,42,48,27,6,4,9,17,25.0,73.0,34.0
42017,1610612738,BOS,Boston Celtics,41700302,2018-05-15,BOS vs. CLE,W,239,107,40,92,0.435,10,31,0.32299999999999995,17,20,0.85,11,35,46,24,8,2,5,18,13.0,74.0,34.0
42017,1610612738,BOS,Boston Celtics,41700303,2018-05-19,BOS @ CLE,L,240,86,29,74,0.392,6,22,0.273,22,28,0.7859999999999999,6,28,34,16,4,4,15,25,-30.0,74.0,35.0
42017,1610612738,BOS,Boston Celtics,41700304,2018-05-21,BOS @ CLE,L,239,102,35,85,0.412,9,28,0.321,23,30,0.767,9,28,37,21,9,3,9,26,-9.0,74.0,36.0
42017,1610612738,BOS,Boston Celtics,41700305,2018-05-23,BOS vs. CLE,W,240,96,31,85,0.365,13,39,0.333,21,23,0.913,7,38,45,18,10,6,8,19,13.0,75.0,36.0
42017,1610612738,BOS,Boston Celtics,41700306,2018-05-25,BOS @ CLE,L,241,99,38,74,0.514,12,28,0.429,11,20,0.55,5,26,31,25,5,2,13,18,-10.0,75.0,37.0
42017,1610612738,BOS,Boston Celtics,41700307,2018-05-27,BOS vs. CLE,L,240,79,29,85,0.341,7,39,0.179,14,19,0.737,11,31,42,18,6,0,5,20,-8.0,75.0,38.0
22018,1610612738,BOS,Boston Celtics,1521800006,2018-07-06,BOS @ PHI,W,200,95,36,74,0.486,8,23,0.348,15,20,0.75,11,31,42,18,4,3,10,18,12.6,1.0,0.0
22018,1610612738,BOS,Boston Celtics,1521800019,2018-07-07,BOS @ DEN,L,200,69,26,63,0.413,4,18,0.222,13,17,0.765,2,29,31,14,11,4,16,17,-7.8,1.0,1.0
22018,1610612738,BOS,Boston Celtics,1521800035,2018-07-09,BOS vs. CHA,W,200,100,38,72,0.528,9,18,0.5,15,17,0.882,9,33,42,18,6,5,16,21,18.6,2.0,1.0
22018,1610612738,BOS,Boston Celtics,1521800055,2018-07-12,BOS vs. NYK,W,201,82,32,75,0.4270000000000001,6,25,0.24,12,16,0.75,14,27,41,17,7,6,7,19,12.0,3.0,1.0
22018,1610612738,BOS,Boston Celtics,1521800073,2018-07-14,BOS vs. MIA,W,199,74,29,74,0.392,4,21,0.19,12,22,0.545,15,27,42,15,8,5,9,18,3.6,4.0,1.0
22018,1610612738,BOS,Boston Celtics,1521800078,2018-07-15,BOS @ POR,L,200,80,29,73,0.397,11,29,0.379,11,12,0.917,9,22,31,19,5,3,12,19,-9.8,4.0,2.0
12018,1610612738,BOS,Boston Celtics,11800002,2018-09-28,BOS @ CHA,L,238,97,36,104,0.34600000000000003,9,47,0.191,16,22,0.727,11,45,56,12,9,7,12,35,-7.0,4.0,3.0
12018,1610612738,BOS,Boston Celtics,11800008,2018-09-30,BOS vs. CHA,W,239,115,42,95,0.442,13,31,0.419,18,21,0.857,12,38,50,26,8,6,13,27,3.0,5.0,3.0
12018,1610612738,BOS,Boston Celtics,11800017,2018-10-02,BOS vs. CLE,L,239,95,35,82,0.4270000000000001,5,31,0.161,20,27,0.741,7,37,44,17,8,7,12,30,-7.0,5.0,4.0
12018,1610612738,BOS,Boston Celtics,11800040,2018-10-06,BOS @ CLE,L,240,102,35,89,0.393,7,29,0.241,25,33,0.758,13,31,44,21,9,6,14,29,-11.0,5.0,5.0
22018,1610612738,BOS,Boston Celtics,21800001,2018-10-16,BOS vs. PHI,W,240,105,42,97,0.433,11,37,0.297,10,14,0.7140000000000001,12,43,55,21,7,5,14,20,18.0,6.0,5.0
22018,1610612738,BOS,Boston Celtics,21800019,2018-10-19,BOS @ TOR,L,240,101,40,99,0.404,14,36,0.389,7,10,0.7,16,33,49,29,4,6,14,27,-12.0,6.0,6.0
22018,1610612738,BOS,Boston Celtics,21800028,2018-10-20,BOS @ NYK,W,240,103,33,82,0.402,9,25,0.36,28,33,0.848,11,36,47,21,8,2,15,26,2.0,7.0,6.0
22018,1610612738,BOS,Boston Celtics,21800040,2018-10-22,BOS vs. ORL,L,238,90,37,91,0.407,9,40,0.225,7,9,0.778,9,42,51,21,6,3,12,15,-3.0,7.0,7.0
22018,1610612738,BOS,Boston Celtics,21800065,2018-10-25,BOS @ OKC,W,240,101,33,86,0.384,11,32,0.344,24,33,0.727,10,35,45,19,7,1,11,27,6.0,8.0,7.0
22018,1610612738,BOS,Boston Celtics,21800074,2018-10-27,BOS @ DET,W,238,109,39,86,0.453,14,34,0.412,17,25,0.68,8,46,54,25,4,8,13,26,20.0,9.0,7.0
22018,1610612738,BOS,Boston Celtics,21800099,2018-10-30,BOS vs. DET,W,239,108,37,84,0.44,9,31,0.29,25,32,0.7809999999999999,8,38,46,25,8,4,14,20,3.0,10.0,7.0
22018,1610612738,BOS,Boston Celtics,21800115,2018-11-01,BOS vs. MIL,W,240,117,41,92,0.446,24,55,0.436,11,13,0.846,8,34,42,30,5,8,12,23,4.0,11.0,7.0
22018,1610612738,BOS,Boston Celtics,21800127,2018-11-03,BOS @ IND,L,240,101,38,88,0.4320000000000001,19,46,0.413,6,9,0.667,10,35,45,23,6,8,14,20,-1.0,11.0,8.0
22018,1610612738,BOS,Boston Celtics,21800145,2018-11-05,BOS @ DEN,L,240,107,44,87,0.506,9,31,0.29,10,12,0.833,7,33,40,22,9,9,12,21,-8.0,11.0,9.0
22018,1610612738,BOS,Boston Celtics,21800164,2018-11-08,BOS @ PHX,W,266,116,39,97,0.402,14,37,0.378,24,31,0.774,17,39,56,21,6,6,16,18,7.0,12.0,9.0
22018,1610612738,BOS,Boston Celtics,21800172,2018-11-09,BOS @ UTA,L,240,115,39,88,0.443,17,43,0.395,20,22,0.909,5,23,28,31,11,3,8,20,-8.0,12.0,10.0
22018,1610612738,BOS,Boston Celtics,21800188,2018-11-11,BOS @ POR,L,241,94,36,93,0.387,14,42,0.333,8,10,0.8,11,31,42,19,11,5,12,16,-6.0,12.0,11.0
22018,1610612738,BOS,Boston Celtics,21800204,2018-11-14,BOS vs. CHI,W,241,111,42,90,0.467,15,34,0.441,12,14,0.857,8,43,51,27,12,5,13,12,29.0,13.0,11.0
22018,1610612738,BOS,Boston Celtics,21800216,2018-11-16,BOS vs. TOR,W,266,123,47,89,0.528,9,26,0.34600000000000003,20,24,0.833,9,37,46,25,9,6,18,23,7.0,14.0,11.0
22018,1610612738,BOS,Boston Celtics,21800229,2018-11-17,BOS vs. UTA,L,240,86,35,91,0.385,5,33,0.152,11,20,0.55,17,34,51,16,11,4,14,22,-12.0,14.0,12.0
22018,1610612738,BOS,Boston Celtics,21800239,2018-11-19,BOS @ CHA,L,239,112,45,89,0.506,9,32,0.281,13,18,0.722,8,33,41,31,9,6,12,22,-5.0,14.0,13.0
22018,1610612738,BOS,Boston Celtics,21800255,2018-11-21,BOS vs. NYK,L,241,109,38,97,0.392,10,33,0.303,23,32,0.7190000000000001,15,35,50,30,10,9,8,16,-8.0,14.0,14.0
22018,1610612738,BOS,Boston Celtics,21800268,2018-11-23,BOS @ ATL,W,240,114,42,91,0.462,13,40,0.325,17,21,0.81,7,36,43,31,11,7,16,29,18.0,15.0,14.0
22018,1610612738,BOS,Boston Celtics,21800283,2018-11-24,BOS @ DAL,L,240,104,41,86,0.477,10,28,0.35700000000000004,12,13,0.923,9,33,42,19,8,3,17,21,-9.0,15.0,15.0
22018,1610612738,BOS,Boston Celtics,21800298,2018-11-26,BOS @ NOP,W,241,124,48,97,0.495,19,39,0.487,9,10,0.9,14,28,42,27,14,4,13,25,17.0,16.0,15.0
22018,1610612738,BOS,Boston Celtics,21800319,2018-11-30,BOS vs. CLE,W,240,128,49,92,0.5329999999999999,17,31,0.5479999999999999,13,16,0.813,12,35,47,30,4,4,10,27,33.0,17.0,15.0
22018,1610612738,BOS,Boston Celtics,21800335,2018-12-01,BOS @ MIN,W,241,118,40,85,0.471,17,44,0.386,21,21,1.0,7,33,40,30,9,3,14,25,9.0,18.0,15.0
22018,1610612738,BOS,Boston Celtics,21800365,2018-12-06,BOS vs. NYK,W,240,128,49,92,0.5329999999999999,13,38,0.342,17,20,0.85,7,39,46,32,8,6,9,24,28.0,19.0,15.0
22018,1610612738,BOS,Boston Celtics,21800383,2018-12-08,BOS @ CHI,W,238,133,50,93,0.5379999999999999,22,43,0.512,11,15,0.733,13,41,54,34,10,4,7,14,56.0,20.0,15.0
22018,1610612738,BOS,Boston Celtics,21800393,2018-12-10,BOS vs. NOP,W,241,113,44,90,0.489,12,39,0.308,13,19,0.684,14,37,51,23,8,5,13,21,13.0,21.0,15.0
22018,1610612738,BOS,Boston Celtics,21800409,2018-12-12,BOS @ WAS,W,265,130,47,104,0.452,11,38,0.289,25,25,1.0,14,36,50,20,6,2,13,19,5.0,22.0,15.0
22018,1610612738,BOS,Boston Celtics,21800420,2018-12-14,BOS vs. ATL,W,241,129,46,95,0.484,19,39,0.487,18,20,0.9,13,34,47,28,15,9,21,21,21.0,23.0,15.0
22018,1610612738,BOS,Boston Celtics,21800431,2018-12-15,BOS @ DET,L,240,104,39,94,0.415,9,33,0.273,17,23,0.7390000000000001,12,32,44,19,11,4,14,25,-9.0,23.0,16.0
22018,1610612738,BOS,Boston Celtics,21800458,2018-12-19,BOS vs. PHX,L,240,103,38,85,0.447,15,39,0.385,12,14,0.857,9,28,37,26,13,15,16,17,-8.0,23.0,17.0
22018,1610612738,BOS,Boston Celtics,21800473,2018-12-21,BOS vs. MIL,L,241,107,35,91,0.385,10,34,0.294,27,36,0.75,9,27,36,22,13,3,5,16,-13.0,23.0,18.0
22018,1610612738,BOS,Boston Celtics,21800488,2018-12-23,BOS vs. CHA,W,240,119,43,86,0.5,13,39,0.333,20,25,0.8,11,36,47,30,8,4,14,22,16.0,24.0,18.0
22018,1610612738,BOS,Boston Celtics,21800499,2018-12-25,BOS vs. PHI,W,265,121,45,108,0.417,14,41,0.341,17,20,0.85,13,42,55,21,8,4,9,21,7.0,25.0,18.0
22018,1610612738,BOS,Boston Celtics,21800512,2018-12-27,BOS @ HOU,L,240,113,38,81,0.469,12,31,0.387,25,31,0.8059999999999999,6,31,37,28,9,3,11,22,-14.0,25.0,19.0
22018,1610612738,BOS,Boston Celtics,21800531,2018-12-29,BOS @ MEM,W,240,112,40,80,0.5,16,36,0.444,16,18,0.889,7,29,36,29,10,4,17,24,9.0,26.0,19.0
22018,1610612738,BOS,Boston Celtics,21800545,2018-12-31,BOS @ SAS,L,240,111,43,88,0.489,11,34,0.324,14,20,0.7,9,31,40,30,5,8,12,17,-9.0,26.0,20.0
22018,1610612738,BOS,Boston Celtics,21800558,2019-01-02,BOS vs. MIN,W,239,115,45,76,0.5920000000000001,12,30,0.4,13,15,0.867,3,30,33,34,10,9,16,21,13.0,27.0,20.0
22018,1610612738,BOS,Boston Celtics,21800566,2019-01-04,BOS vs. DAL,W,239,114,42,96,0.438,21,45,0.467,9,11,0.818,14,39,53,35,12,4,12,16,21.0,28.0,20.0
22018,1610612738,BOS,Boston Celtics,21800592,2019-01-07,BOS vs. BKN,W,239,116,47,93,0.505,12,32,0.375,10,12,0.833,6,37,43,37,13,2,13,21,21.0,29.0,20.0
22018,1610612738,BOS,Boston Celtics,21800607,2019-01-09,BOS vs. IND,W,239,135,50,88,0.568,14,32,0.438,21,24,0.875,9,39,48,32,7,7,13,25,27.0,30.0,20.0
22018,1610612738,BOS,Boston Celtics,21800617,2019-01-10,BOS @ MIA,L,242,99,36,89,0.404,12,34,0.353,15,17,0.882,9,28,37,20,5,8,10,10,-16.0,30.0,21.0
22018,1610612738,BOS,Boston Celtics,21800632,2019-01-12,BOS @ ORL,L,239,103,38,90,0.422,8,32,0.25,19,28,0.679,10,36,46,19,7,3,8,18,-2.0,30.0,22.0
22018,1610612738,BOS,Boston Celtics,21800645,2019-01-14,BOS @ BKN,L,240,102,37,91,0.407,11,36,0.306,17,23,0.7390000000000001,10,31,41,21,10,8,10,21,-7.0,30.0,23.0
22018,1610612738,BOS,Boston Celtics,21800658,2019-01-16,BOS vs. TOR,W,239,117,46,92,0.5,14,30,0.467,11,13,0.846,14,35,49,32,7,6,14,24,9.0,31.0,23.0
22018,1610612738,BOS,Boston Celtics,21800671,2019-01-18,BOS vs. MEM,W,240,122,44,86,0.512,17,38,0.447,17,22,0.773,10,42,52,29,5,9,17,20,6.0,32.0,23.0
22018,1610612738,BOS,Boston Celtics,21800683,2019-01-19,BOS @ ATL,W,242,113,39,88,0.443,12,32,0.375,23,25,0.92,11,32,43,19,10,8,15,18,8.0,33.0,23.0
22018,1610612738,BOS,Boston Celtics,21800698,2019-01-21,BOS vs. MIA,W,240,107,43,87,0.494,12,30,0.4,9,10,0.9,8,28,36,26,13,7,19,21,8.0,34.0,23.0
22018,1610612738,BOS,Boston Celtics,21800707,2019-01-23,BOS vs. CLE,W,239,123,45,86,0.523,12,25,0.48,21,23,0.913,9,34,43,25,12,5,14,20,20.0,35.0,23.0
22018,1610612738,BOS,Boston Celtics,21800732,2019-01-26,BOS vs. GSW,L,241,111,41,99,0.414,15,40,0.375,14,15,0.933,15,34,49,23,6,4,14,22,-4.0,35.0,24.0
22018,1610612738,BOS,Boston Celtics,21800746,2019-01-28,BOS vs. BKN,W,240,112,45,100,0.45,13,40,0.325,9,10,0.9,16,36,52,29,11,16,17,16,8.0,36.0,24.0
22018,1610612738,BOS,Boston Celtics,21800756,2019-01-30,BOS vs. CHA,W,241,126,50,90,0.556,12,29,0.414,14,16,0.875,12,41,53,34,10,7,10,14,32.0,37.0,24.0
22018,1610612738,BOS,Boston Celtics,21800771,2019-02-01,BOS @ NYK,W,241,113,46,100,0.46,13,37,0.35100000000000003,8,10,0.8,11,32,43,25,11,7,7,18,14.0,38.0,24.0
22018,1610612738,BOS,Boston Celtics,21800788,2019-02-03,BOS vs. OKC,W,241,134,54,91,0.593,13,34,0.382,13,17,0.765,5,33,38,36,8,6,14,22,5.0,39.0,24.0
22018,1610612738,BOS,Boston Celtics,21800797,2019-02-05,BOS @ CLE,W,241,103,40,82,0.488,9,26,0.34600000000000003,14,14,1.0,8,34,42,29,10,10,13,14,7.0,40.0,24.0
22018,1610612738,BOS,Boston Celtics,21800814,2019-02-07,BOS vs. LAL,L,238,128,46,94,0.489,16,38,0.421,20,20,1.0,11,37,48,35,7,5,8,16,-1.0,40.0,25.0
22018,1610612738,BOS,Boston Celtics,21800829,2019-02-09,BOS vs. LAC,L,239,112,39,92,0.424,9,26,0.34600000000000003,25,31,0.8059999999999999,8,37,45,21,9,3,12,29,-11.0,40.0,26.0
22018,1610612738,BOS,Boston Celtics,21800849,2019-02-12,BOS @ PHI,W,239,112,41,88,0.466,13,29,0.448,17,21,0.81,8,33,41,24,9,3,5,23,3.0,41.0,26.0
22018,1610612738,BOS,Boston Celtics,21800855,2019-02-13,BOS vs. DET,W,240,118,45,88,0.511,16,39,0.41,12,15,0.8,10,37,47,32,8,2,16,22,8.0,42.0,26.0
22018,1610612738,BOS,Boston Celtics,21800870,2019-02-21,BOS @ MIL,L,241,97,39,102,0.382,14,40,0.35,5,6,0.833,12,38,50,19,11,9,7,15,-1.0,42.0,27.0
22018,1610612738,BOS,Boston Celtics,21800889,2019-02-23,BOS @ CHI,L,240,116,45,92,0.489,10,29,0.345,16,21,0.762,6,26,32,26,6,7,7,18,-10.0,42.0,28.0
22018,1610612738,BOS,Boston Celtics,21800909,2019-02-26,BOS @ TOR,L,240,95,33,86,0.384,6,30,0.2,23,28,0.821,10,37,47,24,6,4,14,20,-23.0,42.0,29.0
22018,1610612738,BOS,Boston Celtics,21800913,2019-02-27,BOS vs. POR,L,239,92,40,86,0.465,5,28,0.179,7,10,0.7,8,33,41,20,5,4,16,20,-5.0,42.0,30.0
22018,1610612738,BOS,Boston Celtics,21800931,2019-03-01,BOS vs. WAS,W,238,107,42,94,0.447,10,35,0.28600000000000003,13,17,0.765,11,35,46,26,12,3,12,18,11.0,43.0,30.0
22018,1610612738,BOS,Boston Celtics,21800945,2019-03-03,BOS vs. HOU,L,240,104,37,77,0.481,8,28,0.28600000000000003,22,29,0.759,8,36,44,23,7,0,13,23,-11.0,43.0,31.0
22018,1610612738,BOS,Boston Celtics,21800964,2019-03-05,BOS @ GSW,W,240,128,49,96,0.51,14,34,0.412,16,17,0.941,9,37,46,38,12,5,11,24,33.0,44.0,31.0
22018,1610612738,BOS,Boston Celtics,21800973,2019-03-06,BOS @ SAC,W,240,111,40,79,0.506,13,33,0.394,18,21,0.857,3,32,35,26,11,1,17,22,2.0,45.0,31.0
22018,1610612738,BOS,Boston Celtics,21800989,2019-03-09,BOS @ LAL,W,242,120,48,93,0.516,14,38,0.368,10,14,0.7140000000000001,6,37,43,32,6,5,13,17,13.0,46.0,31.0
22018,1610612738,BOS,Boston Celtics,21801006,2019-03-11,BOS @ LAC,L,241,115,44,91,0.484,14,36,0.389,13,19,0.684,7,22,29,26,11,4,13,24,-25.0,46.0,32.0
22018,1610612738,BOS,Boston Celtics,21801022,2019-03-14,BOS vs. SAC,W,240,126,49,97,0.505,9,28,0.321,19,26,0.731,10,42,52,32,7,2,13,20,6.0,47.0,32.0
22018,1610612738,BOS,Boston Celtics,21801034,2019-03-16,BOS vs. ATL,W,240,129,44,93,0.473,13,36,0.361,28,37,0.757,11,35,46,30,10,7,14,21,9.0,48.0,32.0
22018,1610612738,BOS,Boston Celtics,21801052,2019-03-18,BOS vs. DEN,L,239,105,39,93,0.419,12,39,0.308,15,19,0.789,12,25,37,24,12,5,12,16,-9.0,48.0,33.0
22018,1610612738,BOS,Boston Celtics,21801067,2019-03-20,BOS @ PHI,L,240,115,45,96,0.469,12,32,0.375,13,16,0.813,10,36,46,22,1,3,8,25,-3.0,48.0,34.0
22018,1610612738,BOS,Boston Celtics,21801087,2019-03-23,BOS @ CHA,L,240,117,44,93,0.473,19,43,0.442,10,15,0.667,7,35,42,31,6,8,10,23,-7.0,48.0,35.0
22018,1610612738,BOS,Boston Celtics,21801100,2019-03-24,BOS vs. SAS,L,241,96,38,94,0.404,7,35,0.2,13,16,0.813,11,34,45,23,4,2,8,14,-19.0,48.0,36.0
